SAP Linkage No,YHQ Sales Order No,Sales Order Item No,Item Entry Date,Order Type,P/O  No.,Qty,QIC Delivery Style,"Contractor
Corporate
ID","Estimated
FOB","Delivery
Customer
Id","End user
Country
Code","YHQ
Sales
Date
(On or about
Ship date)",Remarks,Ship Point,MS Code,Production Center,"Ship Point 
(ship from 
factory)",Order No,Item No,"Start
Manufacturing
Date","Instructed
Complete
Date","Complete
Date",Actual Date,"Current
Status"
1.01E+15,2008696645,20,29-11-2022,Y101,4510642250,945,,L2Q00,21-03-2023,C2Q00004,IN,29-03-2023,,1009,F9900TB,YCS,5F12,2008696682,20,30-11-2022,13-03-2023,22-03-2023,29-03-2023,Ship Out
1.01E+15,2008693798,10,28-11-2022,Y101,4510638342,23,,L2Q00,15-08-2023,C2Q00004,IN,,,1022,F9913JX,YMG,5826,2008693769,10,29-11-2022,28-07-2023,,,
1.01E+15,2008693798,20,28-11-2022,Y101,4510638342,23,,L2Q00,15-08-2023,C2Q00004,IN,,,1022,F9913VF,YMG,5826,2008693768,10,29-11-2022,28-07-2023,,,
1.01E+15,2008695086,90,29-11-2022,Y101,4510639759,2016,,L2Q00,21-03-2023,C2Q00004,IN,,,1009,F9900TB,YCS,5F12,2008695126,10,09-12-2022,13-03-2023,,,
1.01E+15,2008695086,120,29-11-2022,Y101,4510639759,36,,L2Q00,10-03-2023,C2Q00004,IN,08-03-2023,,1022,F9921AH,YMG,5826,2008695113,70,30-11-2022,10-03-2023,01-03-2023,01-03-2023,Ship Out
1.01E+15,2008695086,140,29-11-2022,Y101,4510639759,36,,L2Q00,10-03-2023,C2Q00004,IN,08-03-2023,,1022,F9921AH,YMG,5826,2008695113,90,30-11-2022,10-03-2023,01-03-2023,01-03-2023,Ship Out
1.01E+15,2008695086,150,29-11-2022,Y101,4510639759,36,,L2Q00,10-03-2023,C2Q00004,IN,08-03-2023,,1022,F9921AH,YMG,5826,2008695113,100,30-11-2022,10-03-2023,01-03-2023,01-03-2023,Ship Out
1.01E+15,2008711785,80,06-12-2022,Y101,4510661948,64,,L2Q00,13-03-2023,C2Q00004,IN,08-03-2023,,1022,F9913QJ,YMG,5826,2008711688,10,07-12-2022,03-03-2023,01-03-2023,01-03-2023,Ship Out
1.01E+15,2008711785,90,06-12-2022,Y101,4510661948,1,,L2Q00,24-03-2023,C2Q00004,IN,15-03-2023,,1022,C2051FD-21,YMG,5826,2008711686,80,07-12-2022,15-03-2023,06-03-2023,08-03-2023,Ship Out
1.01E+15,2008711785,100,06-12-2022,Y101,4510661948,36,,L2Q00,10-03-2023,C2Q00004,IN,08-03-2023,,1022,F9921AH,YMG,5826,2008711686,90,07-12-2022,10-03-2023,01-03-2023,01-03-2023,Ship Out
1.01E+15,2008711785,110,06-12-2022,Y101,4510661948,36,,L2Q00,10-03-2023,C2Q00004,IN,08-03-2023,,1022,F9921AH,YMG,5826,2008711686,100,07-12-2022,10-03-2023,01-03-2023,01-03-2023,Ship Out
1.01E+15,2008711785,130,06-12-2022,Y101,4510661948,5000,,L2Q00,10-03-2023,C2Q00004,IN,08-03-2023,,1022,F9342MK,YMG,5826,2008711687,10,06-12-2022,09-03-2023,24-02-2023,01-03-2023,Ship Out
1.01E+15,2008714664,110,07-12-2022,Y101,4510665778,72,,L2Q00,10-03-2023,C2Q00004,IN,08-03-2023,,1022,F9921AH,YMG,5826,2008714796,80,08-12-2022,10-03-2023,01-03-2023,01-03-2023,Ship Out
1.01E+15,2008714664,130,07-12-2022,Y101,4510665778,30,,L2Q00,19-01-2023,C2Q00004,IN,08-03-2023,,1022,F9913CA,YMG,5826,2008714796,100,08-12-2022,11-01-2023,05-01-2023,05-01-2023,Ship Out
1.01E+15,2008716879,30,08-12-2022,Y101,4510668496,200,,L2Q00,18-01-2023,C2Q00004,IN,08-03-2023,,1022,F9300TE,YMG,5826,2008717048,20,08-12-2022,10-01-2023,29-12-2022,05-01-2023,Ship Out
1.01E+15,2008732507,60,15-12-2022,Y101,4510676198,1120,,L2Q00,13-03-2023,C2Q00004,IN,08-03-2023,,1022,F9910LS,YMG,5826,2008732578,30,16-12-2022,20-03-2023,01-03-2023,02-03-2023,Ship Out
1.01E+15,2008731678,10,15-12-2022,Y101,4510687189,72,,L2Q00,05-04-2023,C2Q00004,IN,31-03-2023,,1022,F9921AH,YMG,5826,2008731917,10,16-12-2022,28-03-2023,27-03-2023,28-03-2023,Ship Out
1.01E+15,2008731678,20,15-12-2022,Y101,4510687189,1000,,L2Q00,18-01-2023,C2Q00004,IN,08-03-2023,,1022,D0114RB,YMG,5826,2008731918,10,15-12-2022,10-01-2023,29-12-2022,05-01-2023,Ship Out
1.01E+15,2008731678,80,15-12-2022,Y101,4510687189,72,,L2Q00,13-04-2023,C2Q00004,IN,07-04-2023,,1022,F9921AH,YMG,5826,2008731917,60,16-12-2022,25-04-2023,28-03-2023,03-04-2023,Ship Out
1.01E+15,2008731678,150,15-12-2022,Y101,4510687189,1000,,L2Q00,18-01-2023,C2Q00004,IN,08-03-2023,,1022,F9341JS,YMG,5826,2008731873,20,19-12-2022,10-01-2023,29-12-2022,05-01-2023,Ship Out
1.01E+15,2008753571,20,24-12-2022,Y101,4510711925,1120,,L2Q00,15-03-2023,C2Q00004,IN,10-03-2023,,1022,F9910LS,YMG,5826,2008753601,10,26-12-2022,07-03-2023,06-03-2023,06-03-2023,Ship Out
1.01E+15,2008753571,60,24-12-2022,Y101,4510711925,1000,,L2Q00,16-03-2023,C2Q00004,IN,10-03-2023,,1022,F9341JZ,YMG,5826,2008753600,20,26-12-2022,22-03-2023,02-03-2023,06-03-2023,Ship Out
1.01E+15,2008753562,80,24-12-2022,Y101,4510711924,1600,,L2Q00,24-02-2023,C2Q00004,IN,,,1022,F9903CZ,,,,,,,,,
1.01E+15,2008753562,100,24-12-2022,Y101,4510711924,1600,,L2Q00,24-02-2023,C2Q00004,IN,,,1022,F9903BD,,,,,,,,,
1.01E+15,2008753562,290,24-12-2022,Y101,4510711924,10800,,L2Q00,10-04-2023,C2Q00004,IN,29-03-2023,,1022,F9342YB,YMG,5826,2008753583,50,26-12-2022,29-03-2023,20-03-2023,22-03-2023,Ship Out
1.01E+15,2008753562,350,24-12-2022,Y101,4510711924,10000,,L2Q00,12-05-2023,C2Q00004,IN,,,1022,F9342MK,YMG,5826,2008753583,90,24-12-2022,27-04-2023,,,
1.01E+15,2008753562,440,24-12-2022,Y101,4510711924,5000,,L2Q00,27-03-2023,C2Q00004,IN,,,1022,F9341JE,,,,,,,,,
1.01E+15,2008753562,530,24-12-2022,Y101,4510711924,5600,,L2Q00,20-03-2023,C2Q00004,IN,15-03-2023,,1022,F9910LS,YMG,5826,2008753584,120,26-12-2022,25-04-2023,08-03-2023,09-03-2023,Ship Out
1.01E+15,2008753562,540,24-12-2022,Y101,4510711924,3600,,L2Q00,24-03-2023,C2Q00004,IN,22-03-2023,,1022,D0117XL-A,YMG,5826,2008753583,190,24-12-2022,29-03-2023,14-03-2023,15-03-2023,Ship Out
1.01E+15,2008753562,550,24-12-2022,Y101,4510711924,1600,,L2Q00,12-05-2023,C2Q00004,IN,,,1022,F9900SN,YMG,5826,2008753583,200,26-12-2022,27-04-2023,,,
1.01E+15,2008786956,110,16-01-2023,Y101,4510754171,100,,L2Q00,20-03-2023,C2Q00004,IN,15-03-2023,,1022,F9903CZ,YMG,5826,2008787020,110,17-01-2023,29-03-2023,07-03-2023,09-03-2023,Ship Out
1.01E+15,2008786956,120,16-01-2023,Y101,4510754171,100,,L2Q00,20-03-2023,C2Q00004,IN,15-03-2023,,1022,F9903CZ,YMG,5826,2008787020,120,17-01-2023,29-03-2023,07-03-2023,09-03-2023,Ship Out
1.01E+15,2008786956,130,16-01-2023,Y101,4510754171,100,,L2Q00,20-03-2023,C2Q00004,IN,15-03-2023,,1022,F9903CZ,YMG,5826,2008787020,130,17-01-2023,29-03-2023,07-03-2023,09-03-2023,Ship Out
1.01E+15,2008786956,140,16-01-2023,Y101,4510754171,100,,L2Q00,20-03-2023,C2Q00004,IN,15-03-2023,,1022,F9903CZ,YMG,5826,2008787020,140,17-01-2023,29-03-2023,07-03-2023,09-03-2023,Ship Out
1.01E+15,2008786956,150,16-01-2023,Y101,4510754171,100,,L2Q00,22-03-2023,C2Q00004,IN,15-03-2023,,1022,F9903CZ,YMG,5826,2008787020,150,17-01-2023,29-03-2023,10-03-2023,10-03-2023,Ship Out
1.01E+15,2008786956,160,16-01-2023,Y101,4510754171,100,,L2Q00,22-03-2023,C2Q00004,IN,15-03-2023,,1022,F9903CZ,YMG,5826,2008787020,160,17-01-2023,29-03-2023,10-03-2023,10-03-2023,Ship Out
1.01E+15,2008786956,270,16-01-2023,Y101,4510754171,100,,L2Q00,20-03-2023,C2Q00004,IN,15-03-2023,,1022,F9903BD,YMG,5826,2008787020,270,17-01-2023,29-03-2023,07-03-2023,09-03-2023,Ship Out
1.01E+15,2008786956,280,16-01-2023,Y101,4510754171,100,,L2Q00,22-03-2023,C2Q00004,IN,15-03-2023,,1022,F9903BD,YMG,5826,2008787020,280,17-01-2023,29-03-2023,07-03-2023,10-03-2023,Ship Out
1.01E+15,2008786956,290,16-01-2023,Y101,4510754171,100,,L2Q00,22-03-2023,C2Q00004,IN,15-03-2023,,1022,F9903BD,YMG,5826,2008787020,290,17-01-2023,29-03-2023,07-03-2023,10-03-2023,Ship Out
1.01E+15,2008786956,300,16-01-2023,Y101,4510754171,100,,L2Q00,22-03-2023,C2Q00004,IN,15-03-2023,,1022,F9903BD,YMG,5826,2008787020,300,17-01-2023,29-03-2023,07-03-2023,10-03-2023,Ship Out
1.01E+15,2008786956,310,16-01-2023,Y101,4510754171,100,,L2Q00,22-03-2023,C2Q00004,IN,15-03-2023,,1022,F9903BD,YMG,5826,2008787020,310,17-01-2023,29-03-2023,10-03-2023,10-03-2023,Ship Out
1.01E+15,2008786956,320,16-01-2023,Y101,4510754171,100,,L2Q00,22-03-2023,C2Q00004,IN,15-03-2023,,1022,F9903BD,YMG,5826,2008787020,320,17-01-2023,29-03-2023,10-03-2023,10-03-2023,Ship Out
1.01E+15,2008765081,10,29-12-2022,Y101,4510726250,105,,L2Q00,04-04-2023,C2Q00004,IN,29-03-2023,,1022,F9900TE,YMG,5826,2008765088,10,05-01-2023,21-04-2023,22-03-2023,24-03-2023,Ship Out
1.01E+15,2008765081,20,29-12-2022,Y101,4510726250,105,,L2Q00,28-03-2023,C2Q00004,IN,24-03-2023,,1022,F9900TE,YMG,5826,2008765088,20,05-01-2023,21-04-2023,16-03-2023,16-03-2023,Ship Out
1.01E+15,2008765081,30,29-12-2022,Y101,4510726250,105,,L2Q00,27-03-2023,C2Q00004,IN,22-03-2023,,1022,F9900TE,YMG,5826,2008765088,30,05-01-2023,16-03-2023,14-03-2023,15-03-2023,Ship Out
1.01E+15,2008765081,40,29-12-2022,Y101,4510726250,105,,L2Q00,14-03-2023,C2Q00004,IN,10-03-2023,,1022,F9900TE,YMG,5826,2008765088,40,05-01-2023,16-03-2023,03-03-2023,06-03-2023,Ship Out
1.01E+15,2008765081,50,29-12-2022,Y101,4510726250,105,,L2Q00,13-03-2023,C2Q00004,IN,08-03-2023,,1022,F9900TE,YMG,5826,2008765088,50,05-01-2023,16-03-2023,01-03-2023,02-03-2023,Ship Out
1.01E+15,2008765081,60,29-12-2022,Y101,4510726250,105,,L2Q00,13-03-2023,C2Q00004,IN,08-03-2023,,1022,F9900TE,YMG,5826,2008765088,60,05-01-2023,16-03-2023,01-03-2023,02-03-2023,Ship Out
1.01E+15,2008765081,70,29-12-2022,Y101,4510726250,105,,L2Q00,13-03-2023,C2Q00004,IN,08-03-2023,,1022,F9900TE,YMG,5826,2008765088,70,05-01-2023,16-03-2023,01-03-2023,02-03-2023,Ship Out
1.01E+15,2008765081,80,29-12-2022,Y101,4510726250,105,,L2Q00,18-04-2023,C2Q00004,IN,12-04-2023,,1022,F9900TE,YMG,5826,2008765088,80,05-01-2023,21-04-2023,05-04-2023,05-04-2023,Ship Out
1.01E+15,2008765081,90,29-12-2022,Y101,4510726250,105,,L2Q00,18-04-2023,C2Q00004,IN,12-04-2023,,1022,F9900TE,YMG,5826,2008765088,90,05-01-2023,21-04-2023,05-04-2023,05-04-2023,Ship Out
1.01E+15,2008765081,100,29-12-2022,Y101,4510726250,105,,L2Q00,18-04-2023,C2Q00004,IN,12-04-2023,,1022,F9900TE,YMG,5826,2008765088,100,05-01-2023,21-04-2023,05-04-2023,05-04-2023,Ship Out
1.01E+15,2008765081,110,29-12-2022,Y101,4510726250,105,,L2Q00,04-04-2023,C2Q00004,IN,29-03-2023,,1022,F9900TE,YMG,5826,2008765088,110,05-01-2023,21-04-2023,23-03-2023,24-03-2023,Ship Out
1.01E+15,2008765081,120,29-12-2022,Y101,4510726250,105,,L2Q00,04-04-2023,C2Q00004,IN,29-03-2023,,1022,F9900TE,YMG,5826,2008765088,120,05-01-2023,21-04-2023,22-03-2023,24-03-2023,Ship Out
1.01E+15,2008765081,130,29-12-2022,Y101,4510726250,105,,L2Q00,10-05-2023,C2Q00004,IN,,,1022,F9900TM,YMG,5826,2008765090,10,05-01-2023,25-04-2023,,,
1.01E+15,2008765081,140,29-12-2022,Y101,4510726250,105,,L2Q00,28-03-2023,C2Q00004,IN,24-03-2023,,1022,F9900TM,YMG,5826,2008765090,20,05-01-2023,17-03-2023,15-03-2023,16-03-2023,Ship Out
1.01E+15,2008765081,150,29-12-2022,Y101,4510726250,105,,L2Q00,16-03-2023,C2Q00004,IN,10-03-2023,,1022,F9900TM,YMG,5826,2008765090,30,05-01-2023,17-03-2023,06-03-2023,06-03-2023,Ship Out
1.01E+15,2008765081,180,29-12-2022,Y101,4510726250,105,,L2Q00,10-05-2023,C2Q00004,IN,,,1022,F9900TM,YMG,5826,2008765090,60,05-01-2023,25-04-2023,,,
1.01E+15,2008765081,290,29-12-2022,Y101,4510726250,240,,L2Q00,17-02-2023,C2Q00004,IN,03-03-2023,,1022,F9920LU,YMG,5826,2008765090,120,06-01-2023,09-02-2023,24-02-2023,24-02-2023,Ship Out
1.01E+15,2008765081,300,29-12-2022,Y101,4510726250,240,,L2Q00,17-02-2023,C2Q00004,IN,03-03-2023,,1022,F9920LU,YMG,5826,2008765090,130,06-01-2023,09-02-2023,27-02-2023,27-02-2023,Ship Out
1.01E+15,2008765081,310,29-12-2022,Y101,4510726250,240,,L2Q00,17-02-2023,C2Q00004,IN,03-03-2023,,1022,F9920LU,YMG,5826,2008765090,140,06-01-2023,09-02-2023,27-02-2023,27-02-2023,Ship Out
1.01E+15,2008765081,320,29-12-2022,Y101,4510726250,240,,L2Q00,17-02-2023,C2Q00004,IN,03-03-2023,,1022,F9920LU,YMG,5826,2008765090,150,06-01-2023,09-02-2023,27-02-2023,27-02-2023,Ship Out
1.01E+15,2008765081,330,29-12-2022,Y101,4510726250,240,,L2Q00,14-03-2023,C2Q00004,IN,10-03-2023,,1022,F9920LU,YMG,5826,2008765090,160,06-01-2023,28-03-2023,02-03-2023,06-03-2023,Ship Out
1.01E+15,2008765081,340,29-12-2022,Y101,4510726250,240,,L2Q00,14-03-2023,C2Q00004,IN,10-03-2023,,1022,F9920LU,YMG,5826,2008765090,170,06-01-2023,28-03-2023,02-03-2023,06-03-2023,Ship Out
1.01E+15,2008765081,350,29-12-2022,Y101,4510726250,240,,L2Q00,14-03-2023,C2Q00004,IN,10-03-2023,,1022,F9920LU,YMG,5826,2008765090,180,06-01-2023,28-03-2023,02-03-2023,06-03-2023,Ship Out
1.01E+15,2008765081,360,29-12-2022,Y101,4510726250,240,,L2Q00,22-03-2023,C2Q00004,IN,15-03-2023,,1022,F9920LU,YMG,5826,2008765090,190,06-01-2023,28-03-2023,,10-03-2023,
1.01E+15,2008765081,370,29-12-2022,Y101,4510726250,240,,L2Q00,22-03-2023,C2Q00004,IN,15-03-2023,,1022,F9920LU,YMG,5826,2008765090,200,06-01-2023,28-03-2023,,10-03-2023,
1.01E+15,2008765081,380,29-12-2022,Y101,4510726250,240,,L2Q00,23-03-2023,C2Q00004,IN,17-03-2023,,1022,F9920LU,YMG,5826,2008765090,210,06-01-2023,28-03-2023,13-03-2023,13-03-2023,Ship Out
1.01E+15,2008765081,440,29-12-2022,Y101,4510726250,180,,L2Q00,17-02-2023,C2Q00004,IN,03-03-2023,,1022,F9920BN,YMG,5826,2008765090,270,05-01-2023,09-02-2023,27-02-2023,27-02-2023,Ship Out
1.01E+15,2008765081,450,29-12-2022,Y101,4510726250,180,,L2Q00,17-02-2023,C2Q00004,IN,03-03-2023,,1022,F9920BN,YMG,5826,2008765090,280,05-01-2023,09-02-2023,27-02-2023,27-02-2023,Ship Out
1.01E+15,2008765081,460,29-12-2022,Y101,4510726250,180,,L2Q00,17-02-2023,C2Q00004,IN,03-03-2023,,1022,F9920BN,YMG,5826,2008765090,290,05-01-2023,09-02-2023,24-02-2023,24-02-2023,Ship Out
1.01E+15,2008765081,470,29-12-2022,Y101,4510726250,180,,L2Q00,17-02-2023,C2Q00004,IN,03-03-2023,,1022,F9920BN,YMG,5826,2008765090,300,05-01-2023,09-02-2023,24-02-2023,24-02-2023,Ship Out
1.01E+15,2008765081,480,29-12-2022,Y101,4510726250,180,,L2Q00,17-02-2023,C2Q00004,IN,03-03-2023,,1022,F9920BN,YMG,5826,2008765090,310,05-01-2023,09-02-2023,22-02-2023,22-02-2023,Ship Out
1.01E+15,2008765081,490,29-12-2022,Y101,4510726250,180,,L2Q00,17-02-2023,C2Q00004,IN,03-03-2023,,1022,F9920BN,YMG,5826,2008765090,320,05-01-2023,09-02-2023,22-02-2023,22-02-2023,Ship Out
1.01E+15,2008765081,590,29-12-2022,Y101,4510726250,180,,L2Q00,17-02-2023,C2Q00004,IN,03-03-2023,,1022,F9920BN,YMG,5826,2008765090,420,05-01-2023,09-02-2023,27-02-2023,27-02-2023,Ship Out
1.01E+15,2008765081,600,29-12-2022,Y101,4510726250,180,,L2Q00,17-02-2023,C2Q00004,IN,03-03-2023,,1022,F9920BN,YMG,5826,2008765090,430,05-01-2023,09-02-2023,28-02-2023,28-02-2023,Ship Out
1.01E+15,2008765081,610,29-12-2022,Y101,4510726250,72,,L2Q00,17-02-2023,C2Q00004,IN,03-03-2023,,1022,F9920BN,YMG,5826,2008765090,440,05-01-2023,09-02-2023,28-02-2023,28-02-2023,Ship Out
1.01E+15,2008765081,620,29-12-2022,Y101,4510726250,36,,L2Q00,18-04-2023,C2Q00004,IN,12-04-2023,,1022,F9921AH,YMG,5826,2008765090,450,06-01-2023,26-05-2023,04-04-2023,05-04-2023,Ship Out
1.01E+15,2008765081,630,29-12-2022,Y101,4510726250,36,,L2Q00,18-04-2023,C2Q00004,IN,12-04-2023,,1022,F9921AH,YMG,5826,2008765090,460,06-01-2023,26-05-2023,04-04-2023,05-04-2023,Ship Out
1.01E+15,2008765081,640,29-12-2022,Y101,4510726250,36,,L2Q00,18-04-2023,C2Q00004,IN,12-04-2023,,1022,F9921AH,YMG,5826,2008765090,470,06-01-2023,26-05-2023,04-04-2023,05-04-2023,Ship Out
1.01E+15,2008765081,650,29-12-2022,Y101,4510726250,36,,L2Q00,18-04-2023,C2Q00004,IN,12-04-2023,,1022,F9921AH,YMG,5826,2008765090,480,06-01-2023,26-05-2023,04-04-2023,05-04-2023,Ship Out
1.01E+15,2008765081,660,29-12-2022,Y101,4510726250,36,,L2Q00,18-04-2023,C2Q00004,IN,14-04-2023,,1022,F9921AH,YMG,5826,2008765090,490,06-01-2023,26-05-2023,06-04-2023,10-04-2023,Ship Out
1.01E+15,2008765081,670,29-12-2022,Y101,4510726250,36,,L2Q00,18-04-2023,C2Q00004,IN,14-04-2023,,1022,F9921AH,YMG,5826,2008765090,500,06-01-2023,26-05-2023,06-04-2023,10-04-2023,Ship Out
1.01E+15,2008765081,680,29-12-2022,Y101,4510726250,36,,L2Q00,18-04-2023,C2Q00004,IN,14-04-2023,,1022,F9921AH,YMG,5826,2008765090,510,06-01-2023,26-05-2023,06-04-2023,10-04-2023,Ship Out
1.01E+15,2008765081,690,29-12-2022,Y101,4510726250,36,,L2Q00,18-04-2023,C2Q00004,IN,14-04-2023,,1022,F9921AH,YMG,5826,2008765090,520,06-01-2023,26-05-2023,06-04-2023,10-04-2023,Ship Out
1.01E+15,2008765081,700,29-12-2022,Y101,4510726250,36,,L2Q00,18-04-2023,C2Q00004,IN,14-04-2023,,1022,F9921AH,YMG,5826,2008765090,530,06-01-2023,26-05-2023,07-04-2023,07-04-2023,Ship Out
1.01E+15,2008765081,710,29-12-2022,Y101,4510726250,36,,L2Q00,26-04-2023,C2Q00004,IN,,,1022,F9921AH,YMG,5826,2008765090,540,06-01-2023,26-05-2023,13-04-2023,14-04-2023,Ship Out
1.01E+15,2008765081,720,29-12-2022,Y101,4510726250,36,,L2Q00,26-04-2023,C2Q00004,IN,,,1022,F9921AH,YMG,5826,2008765090,550,06-01-2023,26-05-2023,13-04-2023,14-04-2023,Ship Out
1.01E+15,2008765081,730,29-12-2022,Y101,4510726250,36,,L2Q00,26-04-2023,C2Q00004,IN,,,1022,F9921AH,YMG,5826,2008765090,560,06-01-2023,26-05-2023,13-04-2023,14-04-2023,Ship Out
1.01E+15,2008765081,740,29-12-2022,Y101,4510726250,36,,L2Q00,26-04-2023,C2Q00004,IN,,,1022,F9921AH,YMG,5826,2008765090,570,06-01-2023,26-05-2023,13-04-2023,14-04-2023,Ship Out
1.01E+15,2008765081,750,29-12-2022,Y101,4510726250,36,,L2Q00,26-04-2023,C2Q00004,IN,,,1022,F9921AH,YMG,5826,2008765090,580,06-01-2023,26-05-2023,13-04-2023,14-04-2023,Ship Out
1.01E+15,2008765081,760,29-12-2022,Y101,4510726250,36,,L2Q00,05-06-2023,C2Q00004,IN,,,1022,F9921AH,YMG,5826,2008765090,590,06-01-2023,26-05-2023,,,
1.01E+15,2008765081,770,29-12-2022,Y101,4510726250,36,,L2Q00,05-06-2023,C2Q00004,IN,,,1022,F9921AH,YMG,5826,2008765090,600,06-01-2023,26-05-2023,,,
1.01E+15,2008765081,780,29-12-2022,Y101,4510726250,36,,L2Q00,05-06-2023,C2Q00004,IN,,,1022,F9921AH,YMG,5826,2008765090,610,06-01-2023,26-05-2023,,,
1.01E+15,2008765081,790,29-12-2022,Y101,4510726250,36,,L2Q00,05-06-2023,C2Q00004,IN,,,1022,F9921AH,YMG,5826,2008765090,620,06-01-2023,26-05-2023,,,
1.01E+15,2008765081,800,29-12-2022,Y101,4510726250,36,,L2Q00,05-06-2023,C2Q00004,IN,,,1022,F9921AH,YMG,5826,2008765090,630,06-01-2023,26-05-2023,,,
1.01E+15,2008765081,810,29-12-2022,Y101,4510726250,36,,L2Q00,05-06-2023,C2Q00004,IN,,,1022,F9921AH,YMG,5826,2008765090,640,06-01-2023,26-05-2023,,,
1.01E+15,2008765081,820,29-12-2022,Y101,4510726250,36,,L2Q00,05-06-2023,C2Q00004,IN,,,1022,F9921AH,YMG,5826,2008765090,650,06-01-2023,26-05-2023,,,
1.01E+15,2008765081,830,29-12-2022,Y101,4510726250,36,,L2Q00,05-06-2023,C2Q00004,IN,,,1022,F9921AH,YMG,5826,2008765090,660,06-01-2023,26-05-2023,,,
1.01E+15,2008765081,840,29-12-2022,Y101,4510726250,36,,L2Q00,05-06-2023,C2Q00004,IN,,,1022,F9921AH,YMG,5826,2008765090,670,06-01-2023,26-05-2023,,,
1.01E+15,2008765081,850,29-12-2022,Y101,4510726250,36,,L2Q00,05-06-2023,C2Q00004,IN,,,1022,F9921AH,YMG,5826,2008765090,680,06-01-2023,26-05-2023,,,
1.01E+15,2008765081,860,29-12-2022,Y101,4510726250,36,,L2Q00,05-06-2023,C2Q00004,IN,,,1022,F9921AH,YMG,5826,2008765090,690,06-01-2023,26-05-2023,,,
1.01E+15,2008765081,870,29-12-2022,Y101,4510726250,36,,L2Q00,05-06-2023,C2Q00004,IN,,,1022,F9921AH,YMG,5826,2008765090,700,06-01-2023,26-05-2023,,,
1.01E+15,2008765081,880,29-12-2022,Y101,4510726250,36,,L2Q00,05-06-2023,C2Q00004,IN,,,1022,F9921AH,YMG,5826,2008765090,710,06-01-2023,26-05-2023,,,
1.01E+15,2008765081,890,29-12-2022,Y101,4510726250,36,,L2Q00,05-06-2023,C2Q00004,IN,,,1022,F9921AH,YMG,5826,2008765090,720,06-01-2023,26-05-2023,,,
1.01E+15,2008765081,900,29-12-2022,Y101,4510726250,36,,L2Q00,05-06-2023,C2Q00004,IN,,,1022,F9921AH,YMG,5826,2008765090,730,06-01-2023,26-05-2023,,,
1.01E+15,2008765081,910,29-12-2022,Y101,4510726250,36,,L2Q00,05-06-2023,C2Q00004,IN,,,1022,F9921AH,YMG,5826,2008765090,740,06-01-2023,26-05-2023,,,
1.01E+15,2008765081,920,29-12-2022,Y101,4510726250,36,,L2Q00,05-06-2023,C2Q00004,IN,,,1022,F9921AH,YMG,5826,2008765090,750,06-01-2023,26-05-2023,,,
1.01E+15,2008765081,930,29-12-2022,Y101,4510726250,36,,L2Q00,05-06-2023,C2Q00004,IN,,,1022,F9921AH,YMG,5826,2008765090,760,06-01-2023,26-05-2023,,,
1.01E+15,2008765081,940,29-12-2022,Y101,4510726250,36,,L2Q00,05-06-2023,C2Q00004,IN,,,1022,F9921AH,YMG,5826,2008765090,770,06-01-2023,26-05-2023,,,
1.01E+15,2008765081,950,29-12-2022,Y101,4510726250,36,,L2Q00,05-06-2023,C2Q00004,IN,,,1022,F9921AH,YMG,5826,2008765090,780,06-01-2023,26-05-2023,,,
1.01E+15,2008765081,960,29-12-2022,Y101,4510726250,36,,L2Q00,05-06-2023,C2Q00004,IN,,,1022,F9921AH,YMG,5826,2008765090,790,06-01-2023,26-05-2023,,,
1.01E+15,2008765081,970,29-12-2022,Y101,4510726250,36,,L2Q00,05-06-2023,C2Q00004,IN,,,1022,F9921AH,YMG,5826,2008765090,800,06-01-2023,26-05-2023,,,
1.01E+15,2008765081,980,29-12-2022,Y101,4510726250,36,,L2Q00,05-06-2023,C2Q00004,IN,,,1022,F9921AH,YMG,5826,2008765090,810,06-01-2023,26-05-2023,,,
1.01E+15,2008765081,990,29-12-2022,Y101,4510726250,36,,L2Q00,05-06-2023,C2Q00004,IN,,,1022,F9921AH,YMG,5826,2008765090,820,06-01-2023,26-05-2023,,,
1.01E+15,2008765081,1000,29-12-2022,Y101,4510726250,36,,L2Q00,05-06-2023,C2Q00004,IN,,,1022,F9921AH,YMG,5826,2008765090,830,06-01-2023,26-05-2023,,,
1.01E+15,2008765081,1010,29-12-2022,Y101,4510726250,36,,L2Q00,05-06-2023,C2Q00004,IN,,,1022,F9921AH,YMG,5826,2008765090,840,06-01-2023,26-05-2023,,,
1.01E+15,2008765081,1020,29-12-2022,Y101,4510726250,36,,L2Q00,05-06-2023,C2Q00004,IN,,,1022,F9921AH,YMG,5826,2008765090,850,06-01-2023,26-05-2023,,,
1.01E+15,2008765081,1030,29-12-2022,Y101,4510726250,36,,L2Q00,05-06-2023,C2Q00004,IN,,,1022,F9921AH,YMG,5826,2008765090,860,06-01-2023,26-05-2023,,,
1.01E+15,2008765081,1040,29-12-2022,Y101,4510726250,36,,L2Q00,05-06-2023,C2Q00004,IN,,,1022,F9921AH,YMG,5826,2008765090,870,06-01-2023,26-05-2023,,,
1.01E+15,2008765081,1050,29-12-2022,Y101,4510726250,36,,L2Q00,05-06-2023,C2Q00004,IN,,,1022,F9921AH,YMG,5826,2008765090,880,06-01-2023,26-05-2023,,,
1.01E+15,2008765081,1060,29-12-2022,Y101,4510726250,36,,L2Q00,05-06-2023,C2Q00004,IN,,,1022,F9921AH,YMG,5826,2008765090,890,06-01-2023,26-05-2023,,,
1.01E+15,2008765081,1320,29-12-2022,Y101,4510726250,180,,L2Q00,17-02-2023,C2Q00004,IN,03-03-2023,,1022,F9920BQ,YMG,5826,2008765090,1150,05-01-2023,09-02-2023,28-02-2023,28-02-2023,Ship Out
1.01E+15,2008765081,1330,29-12-2022,Y101,4510726250,180,,L2Q00,14-03-2023,C2Q00004,IN,10-03-2023,,1022,F9920BQ,YMG,5826,2008765090,1160,05-01-2023,28-03-2023,02-03-2023,06-03-2023,Ship Out
1.01E+15,2008765081,1340,29-12-2022,Y101,4510726250,180,,L2Q00,14-03-2023,C2Q00004,IN,10-03-2023,,1022,F9920BQ,YMG,5826,2008765090,1170,05-01-2023,28-03-2023,02-03-2023,06-03-2023,Ship Out
1.01E+15,2008765081,1350,29-12-2022,Y101,4510726250,180,,L2Q00,14-03-2023,C2Q00004,IN,10-03-2023,,1022,F9920BQ,YMG,5826,2008765090,1180,05-01-2023,28-03-2023,02-03-2023,06-03-2023,Ship Out
1.01E+15,2008765081,1360,29-12-2022,Y101,4510726250,180,,L2Q00,14-03-2023,C2Q00004,IN,10-03-2023,,1022,F9920BQ,YMG,5826,2008765090,1190,05-01-2023,28-03-2023,02-03-2023,06-03-2023,Ship Out
1.01E+15,2008765081,1370,29-12-2022,Y101,4510726250,180,,L2Q00,14-03-2023,C2Q00004,IN,10-03-2023,,1022,F9920BQ,YMG,5826,2008765090,1200,05-01-2023,28-03-2023,02-03-2023,06-03-2023,Ship Out
1.01E+15,2008765081,1380,29-12-2022,Y101,4510726250,180,,L2Q00,14-03-2023,C2Q00004,IN,10-03-2023,,1022,F9920BQ,YMG,5826,2008765090,1210,05-01-2023,28-03-2023,03-03-2023,06-03-2023,Ship Out
1.01E+15,2008765081,1390,29-12-2022,Y101,4510726250,180,,L2Q00,14-03-2023,C2Q00004,IN,10-03-2023,,1022,F9920BQ,YMG,5826,2008765090,1220,05-01-2023,28-03-2023,03-03-2023,06-03-2023,Ship Out
1.01E+15,2008765081,1400,29-12-2022,Y101,4510726250,180,,L2Q00,16-03-2023,C2Q00004,IN,10-03-2023,,1022,F9920BQ,YMG,5826,2008765090,1230,05-01-2023,28-03-2023,06-03-2023,06-03-2023,Ship Out
1.01E+15,2008765081,1410,29-12-2022,Y101,4510726250,180,,L2Q00,16-03-2023,C2Q00004,IN,10-03-2023,,1022,F9920BQ,YMG,5826,2008765090,1240,05-01-2023,28-03-2023,06-03-2023,06-03-2023,Ship Out
1.01E+15,2008765081,1420,29-12-2022,Y101,4510726250,180,,L2Q00,14-03-2023,C2Q00004,IN,10-03-2023,,1022,F9920BQ,YMG,5826,2008765090,1250,05-01-2023,28-03-2023,03-03-2023,06-03-2023,Ship Out
1.01E+15,2008765081,1430,29-12-2022,Y101,4510726250,180,,L2Q00,14-03-2023,C2Q00004,IN,10-03-2023,,1022,F9920BQ,YMG,5826,2008765090,1260,05-01-2023,28-03-2023,03-03-2023,06-03-2023,Ship Out
1.01E+15,2008765081,1440,29-12-2022,Y101,4510726250,180,,L2Q00,16-03-2023,C2Q00004,IN,10-03-2023,,1022,F9920BQ,YMG,5826,2008765090,1270,05-01-2023,28-03-2023,06-03-2023,06-03-2023,Ship Out
1.01E+15,2008765081,1450,29-12-2022,Y101,4510726250,72,,L2Q00,14-03-2023,C2Q00004,IN,10-03-2023,,1022,F9920BQ,YMG,5826,2008765090,1280,05-01-2023,28-03-2023,03-03-2023,06-03-2023,Ship Out
1.01E+15,2008765081,1650,29-12-2022,Y101,4510726250,270,,L2Q00,10-02-2023,C2Q00004,IN,03-03-2023,,1022,F9920TT,YMG,5826,2008765090,1480,05-01-2023,02-02-2023,21-02-2023,21-02-2023,Ship Out
1.01E+15,2008765081,1660,29-12-2022,Y101,4510726250,270,,L2Q00,10-02-2023,C2Q00004,IN,03-03-2023,,1022,F9920TT,YMG,5826,2008765090,1490,05-01-2023,02-02-2023,24-02-2023,24-02-2023,Ship Out
1.01E+15,2008765081,1670,29-12-2022,Y101,4510726250,270,,L2Q00,10-02-2023,C2Q00004,IN,03-03-2023,,1022,F9920TT,YMG,5826,2008765090,1500,05-01-2023,02-02-2023,28-02-2023,28-02-2023,Ship Out
1.01E+15,2008765081,1680,29-12-2022,Y101,4510726250,270,,L2Q00,10-02-2023,C2Q00004,IN,03-03-2023,,1022,F9920TT,YMG,5826,2008765090,1510,05-01-2023,02-02-2023,28-02-2023,28-02-2023,Ship Out
1.01E+15,2008770250,10,05-01-2023,Y101,4510732365,252,,L2Q00,22-03-2023,C2Q00004,IN,15-03-2023,,1022,F9920BQ,YMG,5826,2008770245,10,06-01-2023,28-03-2023,08-03-2023,09-03-2023,Ship Out
1.01E+15,2008770762,10,05-01-2023,Y101,4510732895,10800,,L2Q00,20-03-2023,C2Q00004,IN,15-03-2023,,1022,A1462CC,YMG,5826,2008770769,10,06-01-2023,10-05-2023,08-03-2023,09-03-2023,Ship Out
1.01E+15,2008782549,10,12-01-2023,Y101,4510748667,10800,,L2Q00,26-04-2023,C2Q00004,IN,,,1022,A1462CC,YMG,5826,2008782644,10,13-01-2023,16-05-2023,13-04-2023,14-04-2023,Ship Out
1.01E+15,2008792091,20,18-01-2023,Y101,4510760851,1000,,L2Q00,10-03-2023,C2Q00004,IN,08-03-2023,,1022,F9341JE,YMG,5826,2008792132,20,18-01-2023,17-03-2023,24-02-2023,01-03-2023,Ship Out
1.01E+15,2008792091,30,18-01-2023,Y101,4510760851,1000,,L2Q00,10-03-2023,C2Q00004,IN,08-03-2023,,1022,F9341JE,YMG,5826,2008792132,30,18-01-2023,17-03-2023,27-02-2023,01-03-2023,Ship Out
1.01E+15,2008792091,40,18-01-2023,Y101,4510760851,1000,,L2Q00,28-03-2023,C2Q00004,IN,24-03-2023,,1022,F9341JE,YMG,5826,2008792132,40,18-01-2023,17-03-2023,08-03-2023,10-03-2023,Ship Out
1.01E+15,2008792091,60,18-01-2023,Y101,4510760851,1000,,L2Q00,28-03-2023,C2Q00004,IN,24-03-2023,,1022,F9341JE,YMG,5826,2008792132,60,18-01-2023,17-03-2023,16-03-2023,16-03-2023,Ship Out
1.01E+15,2008792091,70,18-01-2023,Y101,4510760851,1000,,L2Q00,10-04-2023,C2Q00004,IN,31-03-2023,,1022,F9341JE,YMG,5826,2008792132,70,18-01-2023,25-04-2023,27-03-2023,28-03-2023,Ship Out
1.01E+15,2008792091,80,18-01-2023,Y101,4510760851,1000,,L2Q00,14-04-2023,C2Q00004,IN,07-04-2023,,1022,F9341JE,YMG,5826,2008792132,80,18-01-2023,06-04-2023,04-04-2023,04-04-2023,Ship Out
1.01E+15,2008792091,90,18-01-2023,Y101,4510760851,1000,,L2Q00,19-04-2023,C2Q00004,IN,14-04-2023,,1022,F9341JE,YMG,5826,2008792132,90,18-01-2023,25-04-2023,10-04-2023,10-04-2023,Ship Out
1.01E+15,2008792091,100,18-01-2023,Y101,4510760851,1000,,L2Q00,10-05-2023,C2Q00004,IN,,,1022,F9341JE,YMG,5826,2008792132,100,18-01-2023,25-04-2023,17-04-2023,18-04-2023,DIL
1.01E+15,2008811765,60,27-01-2023,Y101,4510784842,21,,L2Q00,17-04-2023,C2Q00004,IN,,,1022,F9900UB,YMG,5826,2008811767,20,30-01-2023,07-04-2023,,,
1.01E+15,2008814026,80,30-01-2023,Y101,4510787453,6000,,L2Q00,16-03-2023,C2Q00004,IN,10-03-2023,,1022,F9900RP,YMG,5826,2008814109,10,31-01-2023,06-03-2023,27-02-2023,06-03-2023,Ship Out
1.01E+15,2008814582,60,30-01-2023,Y101,4510788102,200,,L2Q00,14-03-2023,C2Q00004,IN,08-03-2023,,1022,D0114PB,YMG,5826,2008814721,60,30-01-2023,15-03-2023,02-03-2023,03-03-2023,Ship Out
1.01E+15,2008814582,70,30-01-2023,Y101,4510788102,200,,L2Q00,24-03-2023,C2Q00004,IN,22-03-2023,,1022,D0114PB,YMG,5826,2008814721,70,30-01-2023,15-03-2023,06-03-2023,08-03-2023,Ship Out
1.01E+15,2008814582,80,30-01-2023,Y101,4510788102,200,,L2Q00,24-03-2023,C2Q00004,IN,22-03-2023,,1022,D0114PB,YMG,5826,2008814721,80,30-01-2023,15-03-2023,08-03-2023,08-03-2023,Ship Out
1.01E+15,2008814582,90,30-01-2023,Y101,4510788102,200,,L2Q00,27-03-2023,C2Q00004,IN,22-03-2023,,1022,D0114PB,YMG,5826,2008814721,90,30-01-2023,25-04-2023,15-03-2023,15-03-2023,Ship Out
1.01E+15,2008814582,100,30-01-2023,Y101,4510788102,200,,L2Q00,31-03-2023,C2Q00004,IN,29-03-2023,,1022,D0114PB,YMG,5826,2008814721,100,30-01-2023,25-04-2023,20-03-2023,22-03-2023,Ship Out
1.01E+15,2008814582,110,30-01-2023,Y101,4510788102,200,,L2Q00,04-04-2023,C2Q00004,IN,29-03-2023,,1022,D0114PB,YMG,5826,2008814721,110,30-01-2023,25-04-2023,23-03-2023,23-03-2023,Ship Out
1.01E+15,2008814582,120,30-01-2023,Y101,4510788102,200,,L2Q00,24-04-2023,C2Q00004,IN,14-04-2023,,1022,D0114PB,YMG,5826,2008814721,120,30-01-2023,25-04-2023,10-04-2023,11-04-2023,Ship Out
1.01E+15,2008814582,130,30-01-2023,Y101,4510788102,200,,L2Q00,18-04-2023,C2Q00004,IN,14-04-2023,,1022,D0114PB,YMG,5826,2008814721,130,30-01-2023,25-04-2023,10-04-2023,10-04-2023,Ship Out
1.01E+15,2008815175,150,30-01-2023,Y101,4510788645,200,,L2Q00,08-03-2023,C2Q00004,IN,03-03-2023,,1022,D0114RZ,YMG,5826,2008815274,150,30-01-2023,23-03-2023,24-02-2023,27-02-2023,Ship Out
1.01E+15,2008815175,160,30-01-2023,Y101,4510788645,200,,L2Q00,08-03-2023,C2Q00004,IN,03-03-2023,,1022,D0114RZ,YMG,5826,2008815274,160,30-01-2023,23-03-2023,24-02-2023,27-02-2023,Ship Out
1.01E+15,2008815175,170,30-01-2023,Y101,4510788645,200,,L2Q00,08-03-2023,C2Q00004,IN,03-03-2023,,1022,D0114RZ,YMG,5826,2008815274,170,30-01-2023,23-03-2023,24-02-2023,27-02-2023,Ship Out
1.01E+15,2008815175,180,30-01-2023,Y101,4510788645,200,,L2Q00,08-03-2023,C2Q00004,IN,03-03-2023,,1022,D0114RZ,YMG,5826,2008815274,180,30-01-2023,23-03-2023,24-02-2023,27-02-2023,Ship Out
1.01E+15,2008815175,190,30-01-2023,Y101,4510788645,200,,L2Q00,22-03-2023,C2Q00004,IN,15-03-2023,,1022,D0114RZ,YMG,5826,2008815274,190,30-01-2023,23-03-2023,07-03-2023,10-03-2023,Ship Out
1.01E+15,2008815175,200,30-01-2023,Y101,4510788645,200,,L2Q00,22-03-2023,C2Q00004,IN,15-03-2023,,1022,D0114RZ,YMG,5826,2008815274,200,30-01-2023,23-03-2023,07-03-2023,10-03-2023,Ship Out
1.01E+15,2008815175,210,30-01-2023,Y101,4510788645,200,,L2Q00,22-03-2023,C2Q00004,IN,15-03-2023,,1022,D0114RZ,YMG,5826,2008815274,210,30-01-2023,23-03-2023,07-03-2023,10-03-2023,Ship Out
1.01E+15,2008815175,220,30-01-2023,Y101,4510788645,200,,L2Q00,22-03-2023,C2Q00004,IN,15-03-2023,,1022,D0114RZ,YMG,5826,2008815274,220,30-01-2023,23-03-2023,07-03-2023,10-03-2023,Ship Out
1.01E+15,2008815175,230,30-01-2023,Y101,4510788645,200,,L2Q00,22-03-2023,C2Q00004,IN,15-03-2023,,1022,D0114RZ,YMG,5826,2008815274,230,30-01-2023,23-03-2023,08-03-2023,10-03-2023,Ship Out
1.01E+15,2008815175,240,30-01-2023,Y101,4510788645,200,,L2Q00,22-03-2023,C2Q00004,IN,15-03-2023,,1022,D0114RZ,YMG,5826,2008815274,240,30-01-2023,23-03-2023,07-03-2023,10-03-2023,Ship Out
1.01E+15,2008815175,250,30-01-2023,Y101,4510788645,200,,L2Q00,22-03-2023,C2Q00004,IN,15-03-2023,,1022,D0114RZ,YMG,5826,2008815274,250,30-01-2023,23-03-2023,07-03-2023,10-03-2023,Ship Out
1.01E+15,2008815175,260,30-01-2023,Y101,4510788645,200,,L2Q00,08-03-2023,C2Q00004,IN,03-03-2023,,1022,F9340SB,YMG,5826,2008815275,10,31-01-2023,07-03-2023,21-02-2023,28-02-2023,Ship Out
1.01E+15,2008815175,270,30-01-2023,Y101,4510788645,200,,L2Q00,15-03-2023,C2Q00004,IN,08-03-2023,,1022,F9340SB,YMG,5826,2008815275,20,31-01-2023,07-03-2023,21-02-2023,28-02-2023,Ship Out
1.01E+15,2008815175,280,30-01-2023,Y101,4510788645,200,,L2Q00,08-03-2023,C2Q00004,IN,03-03-2023,,1022,F9340SB,YMG,5826,2008815275,30,31-01-2023,07-03-2023,21-02-2023,28-02-2023,Ship Out
1.01E+15,2008815175,290,30-01-2023,Y101,4510788645,200,,L2Q00,08-03-2023,C2Q00004,IN,03-03-2023,,1022,F9340SB,YMG,5826,2008815275,40,31-01-2023,07-03-2023,21-02-2023,28-02-2023,Ship Out
1.01E+15,2008815175,300,30-01-2023,Y101,4510788645,200,,L2Q00,08-03-2023,C2Q00004,IN,03-03-2023,,1022,F9340SB,YMG,5826,2008815275,50,31-01-2023,07-03-2023,21-02-2023,28-02-2023,Ship Out
1.01E+15,2008815175,310,30-01-2023,Y101,4510788645,200,,L2Q00,15-03-2023,C2Q00004,IN,08-03-2023,,1022,F9340SB,YMG,5826,2008815275,60,31-01-2023,07-03-2023,24-02-2023,28-02-2023,Ship Out
1.01E+15,2008815175,320,30-01-2023,Y101,4510788645,200,,L2Q00,08-03-2023,C2Q00004,IN,03-03-2023,,1022,F9340SB,YMG,5826,2008815275,70,31-01-2023,07-03-2023,24-02-2023,28-02-2023,Ship Out
1.01E+15,2008815175,330,30-01-2023,Y101,4510788645,200,,L2Q00,08-03-2023,C2Q00004,IN,03-03-2023,,1022,F9340SB,YMG,5826,2008815275,80,31-01-2023,07-03-2023,24-02-2023,28-02-2023,Ship Out
1.01E+15,2008815175,340,30-01-2023,Y101,4510788645,200,,L2Q00,08-03-2023,C2Q00004,IN,03-03-2023,,1022,F9340SB,YMG,5826,2008815275,90,31-01-2023,07-03-2023,24-02-2023,28-02-2023,Ship Out
1.01E+15,2008815175,350,30-01-2023,Y101,4510788645,200,,L2Q00,22-03-2023,C2Q00004,IN,15-03-2023,,1022,F9340SB,YMG,5826,2008815275,100,31-01-2023,13-03-2023,08-03-2023,08-03-2023,Ship Out
1.01E+15,2008815175,360,30-01-2023,Y101,4510788645,200,,L2Q00,22-03-2023,C2Q00004,IN,15-03-2023,,1022,F9340SB,YMG,5826,2008815275,110,31-01-2023,13-03-2023,08-03-2023,08-03-2023,Ship Out
1.01E+15,2008815175,370,30-01-2023,Y101,4510788645,200,,L2Q00,22-03-2023,C2Q00004,IN,15-03-2023,,1022,F9340SB,YMG,5826,2008815275,120,31-01-2023,13-03-2023,08-03-2023,08-03-2023,Ship Out
1.01E+15,2008815175,450,30-01-2023,Y101,4510788645,200,,L2Q00,15-03-2023,C2Q00004,IN,08-03-2023,,1022,F9300TE,YMG,5826,2008815275,200,30-01-2023,07-03-2023,01-03-2023,01-03-2023,Ship Out
1.01E+15,2008815175,460,30-01-2023,Y101,4510788645,200,,L2Q00,15-03-2023,C2Q00004,IN,08-03-2023,,1022,F9300TE,YMG,5826,2008815275,210,30-01-2023,07-03-2023,02-03-2023,02-03-2023,Ship Out
1.01E+15,2008815175,470,30-01-2023,Y101,4510788645,200,,L2Q00,15-03-2023,C2Q00004,IN,10-03-2023,,1022,F9300TE,YMG,5826,2008815275,220,30-01-2023,07-03-2023,02-03-2023,03-03-2023,Ship Out
1.01E+15,2008815175,480,30-01-2023,Y101,4510788645,200,,L2Q00,08-03-2023,C2Q00004,IN,03-03-2023,,1022,F9300TE,YMG,5826,2008815275,230,30-01-2023,07-03-2023,24-02-2023,28-02-2023,Ship Out
1.01E+15,2008815175,490,30-01-2023,Y101,4510788645,200,,L2Q00,08-03-2023,C2Q00004,IN,03-03-2023,,1022,F9300TE,YMG,5826,2008815275,240,30-01-2023,07-03-2023,24-02-2023,28-02-2023,Ship Out
1.01E+15,2008815175,500,30-01-2023,Y101,4510788645,200,,L2Q00,08-03-2023,C2Q00004,IN,03-03-2023,,1022,F9300TE,YMG,5826,2008815275,250,30-01-2023,07-03-2023,27-02-2023,28-02-2023,Ship Out
1.01E+15,2008815175,510,30-01-2023,Y101,4510788645,200,,L2Q00,15-03-2023,C2Q00004,IN,08-03-2023,,1022,F9300TE,YMG,5826,2008815275,260,30-01-2023,07-03-2023,27-02-2023,28-02-2023,Ship Out
1.01E+15,2008815175,520,30-01-2023,Y101,4510788645,200,,L2Q00,15-03-2023,C2Q00004,IN,08-03-2023,,1022,F9300TE,YMG,5826,2008815275,270,30-01-2023,07-03-2023,01-03-2023,01-03-2023,Ship Out
1.01E+15,2008832062,10,07-02-2023,Y101,4510809812,4000,,L2Q00,22-03-2023,C2Q00004,IN,17-03-2023,,1022,F9900BA,YMG,5826,2008832205,10,07-02-2023,13-03-2023,10-03-2023,13-03-2023,Ship Out
1.01E+15,2008832062,20,07-02-2023,Y101,4510809812,4000,,L2Q00,22-03-2023,C2Q00004,IN,17-03-2023,,1022,F9900BA,YMG,5826,2008832205,20,07-02-2023,13-03-2023,10-03-2023,13-03-2023,Ship Out
1.01E+15,2008834249,20,08-02-2023,Y101,4510811978,1000,,L2Q00,26-04-2023,C2Q00004,IN,,,1022,F9341JZ,YMG,5826,2008834167,10,08-02-2023,08-05-2023,14-04-2023,14-04-2023,Ship Out
1.01E+15,2008834249,30,08-02-2023,Y101,4510811978,3000,,L2Q00,10-03-2023,C2Q00004,IN,08-03-2023,,1022,F9341JA,YMG,5826,2008834167,20,08-02-2023,16-03-2023,28-02-2023,01-03-2023,Ship Out
1.01E+15,2008834249,40,08-02-2023,Y101,4510811978,2000,,L2Q00,17-03-2023,C2Q00004,IN,08-03-2023,,1022,F9341JW,YMG,5826,2008834167,30,08-02-2023,09-03-2023,01-03-2023,02-03-2023,Ship Out
1.01E+15,2008834249,50,08-02-2023,Y101,4510811978,6000,,L2Q00,22-03-2023,C2Q00004,IN,17-03-2023,,1022,F9900EA,YMG,5826,2008834167,40,08-02-2023,24-03-2023,10-03-2023,13-03-2023,Ship Out
1.01E+15,2008834249,60,08-02-2023,Y101,4510811978,10000,,L2Q00,16-03-2023,C2Q00004,IN,10-03-2023,,1022,Y9308JY,YMG,5826,2008834167,50,08-02-2023,16-03-2023,03-03-2023,06-03-2023,Ship Out
1.01E+15,2008834249,80,08-02-2023,Y101,4510811978,2000,,L2Q00,17-03-2023,C2Q00004,IN,08-03-2023,,1022,F9300AF,YMG,5826,2008834167,70,08-02-2023,09-03-2023,03-03-2023,03-03-2023,Ship Out
1.01E+15,2008844312,10,13-02-2023,Y101,4510824955,420,,L2Q00,16-03-2023,C2Q00004,IN,10-03-2023,,1022,F9900SF,YMG,5826,2008844330,10,14-02-2023,22-03-2023,03-03-2023,06-03-2023,Ship Out
1.01E+15,2008844312,20,13-02-2023,Y101,4510824955,2,,L2Q00,22-03-2023,C2Q00004,IN,15-03-2023,,1022,F9340XW,YMG,5826,2008844168,10,13-02-2023,07-04-2023,08-03-2023,10-03-2023,Ship Out
1.01E+15,2008844312,30,13-02-2023,Y101,4510824955,2,,L2Q00,31-03-2023,C2Q00004,IN,24-03-2023,,1022,F9340XW,YMG,5826,2008844168,20,13-02-2023,07-04-2023,20-03-2023,20-03-2023,Ship Out
1.01E+15,2008844312,40,13-02-2023,Y101,4510824955,2,,L2Q00,31-03-2023,C2Q00004,IN,24-03-2023,,1022,F9340XW,YMG,5826,2008844168,30,13-02-2023,07-04-2023,20-03-2023,20-03-2023,Ship Out
1.01E+15,2008844312,50,13-02-2023,Y101,4510824955,400,,L2Q00,03-04-2023,C2Q00004,IN,29-03-2023,,1022,F9340SB,YMG,5826,2008844330,20,14-02-2023,24-03-2023,22-03-2023,23-03-2023,Ship Out
1.01E+15,2008844312,60,13-02-2023,Y101,4510824955,1000,,L2Q00,19-05-2023,C2Q00004,IN,,,1022,F9341JZ,YMG,5826,2008844169,10,14-02-2023,11-05-2023,,,
1.01E+15,2008862098,10,21-02-2023,Y101,4510847211,16,,L2Q00,10-04-2023,C2Q00004,IN,31-03-2023,,1022,F9340EM,YMG,5826,2008862077,10,22-02-2023,17-04-2023,23-03-2023,27-03-2023,Ship Out
1.01E+15,2008862098,20,21-02-2023,Y101,4510847211,50,,L2Q00,22-03-2023,C2Q00004,IN,17-03-2023,,1022,F9340SD,YMG,5826,2008862078,10,22-02-2023,23-03-2023,08-03-2023,10-03-2023,Ship Out
1.01E+15,2008862098,30,21-02-2023,Y101,4510847211,3000,,L2Q00,23-03-2023,C2Q00004,IN,17-03-2023,,1022,F9341JA,YMG,5826,2008862077,20,22-02-2023,03-04-2023,13-03-2023,13-03-2023,Ship Out
1.01E+15,2008862098,40,21-02-2023,Y101,4510847211,50,,L2Q00,17-04-2023,C2Q00004,IN,07-04-2023,,1022,F9270HE,YMG,5826,2008862078,20,22-02-2023,17-04-2023,04-04-2023,04-04-2023,Ship Out
1.01E+15,2008862098,50,21-02-2023,Y101,4510847211,21,,L2Q00,17-03-2023,C2Q00004,IN,08-03-2023,,1022,F9900TD,YMG,5826,2008862078,30,22-02-2023,09-03-2023,02-03-2023,02-03-2023,Ship Out
1.01E+15,2008862098,60,21-02-2023,Y101,4510847211,4,,L2Q00,22-03-2023,C2Q00004,IN,17-03-2023,,1022,F9340WX,YMG,5826,2008862130,10,27-02-2023,10-04-2023,08-03-2023,10-03-2023,Ship Out
1.01E+15,2008862098,70,21-02-2023,Y101,4510847211,4,,L2Q00,22-03-2023,C2Q00004,IN,17-03-2023,,1022,F9340WX,YMG,5826,2008862130,20,27-02-2023,10-04-2023,08-03-2023,10-03-2023,Ship Out
1.01E+15,2008862098,80,21-02-2023,Y101,4510847211,4,,L2Q00,24-03-2023,C2Q00004,IN,15-03-2023,,1022,F9340WX,YMG,5826,2008862130,30,27-02-2023,10-04-2023,08-03-2023,10-03-2023,Ship Out
1.01E+15,2008862098,90,21-02-2023,Y101,4510847211,4,,L2Q00,29-03-2023,C2Q00004,IN,15-03-2023,,1022,F9340WX,YMG,5826,2008862130,40,27-02-2023,10-04-2023,08-03-2023,10-03-2023,Ship Out
1.01E+15,2008862098,100,21-02-2023,Y101,4510847211,50,,L2Q00,17-03-2023,C2Q00004,IN,10-03-2023,,1022,F9275EF,YMG,5826,2008862077,30,22-02-2023,17-03-2023,03-03-2023,06-03-2023,Ship Out
1.01E+15,2008862098,110,21-02-2023,Y101,4510847211,2400,,L2Q00,31-03-2023,C2Q00004,IN,29-03-2023,,1022,F9900SK,YMG,5826,2008862077,40,22-02-2023,23-03-2023,14-03-2023,15-03-2023,Ship Out
1.01E+15,2008862098,120,21-02-2023,Y101,4510847211,1000,,L2Q00,22-03-2023,C2Q00004,IN,17-03-2023,,1022,F9900RF,YMG,5826,2008862078,40,22-02-2023,03-04-2023,10-03-2023,13-03-2023,Ship Out
1.01E+15,2008862098,130,21-02-2023,Y101,4510847211,1000,,L2Q00,22-03-2023,C2Q00004,IN,17-03-2023,,1022,F9900RF,YMG,5826,2008862078,50,22-02-2023,03-04-2023,10-03-2023,13-03-2023,Ship Out
1.01E+15,2008862098,140,21-02-2023,Y101,4510847211,2000,,L2Q00,11-05-2023,C2Q00004,IN,,,1022,F9341JW,YMG,5826,2008862077,50,22-02-2023,26-04-2023,,,
1.01E+15,2008862098,150,21-02-2023,Y101,4510847211,1000,,L2Q00,30-05-2023,C2Q00004,IN,,,1022,F9341JZ,YMG,5826,2008862077,60,22-02-2023,22-05-2023,,,
1.01E+15,2008862098,160,21-02-2023,Y101,4510847211,12000,,L2Q00,09-05-2023,C2Q00004,IN,,,1022,F9900GC,YMG,5826,2008862077,70,22-02-2023,24-04-2023,13-04-2023,15-04-2023,Ship Out
1.01E+15,2008862098,170,21-02-2023,Y101,4510847211,200,,L2Q00,17-03-2023,C2Q00004,IN,08-03-2023,,1022,Y9400ET,YMG,5826,2008862077,80,22-02-2023,15-03-2023,27-02-2023,01-03-2023,Ship Out
1.01E+15,2008862098,180,21-02-2023,Y101,4510847211,800,,L2Q00,31-03-2023,C2Q00004,IN,29-03-2023,,1022,F9900AC,YMG,5826,2008862130,50,22-02-2023,23-03-2023,17-03-2023,17-03-2023,Ship Out
1.01E+15,2008862098,190,21-02-2023,Y101,4510847211,2000,,L2Q00,22-03-2023,C2Q00004,IN,17-03-2023,,1022,F9341JQ,YMG,5826,2008862077,90,22-02-2023,03-04-2023,10-03-2023,10-03-2023,Ship Out
1.01E+15,2008862098,200,21-02-2023,Y101,4510847211,10,,L2Q00,23-03-2023,C2Q00004,IN,17-03-2023,,1022,F9350KZ,YMG,5826,2008862078,60,22-02-2023,03-04-2023,13-03-2023,13-03-2023,Ship Out
1.01E+15,2008862098,210,21-02-2023,Y101,4510847211,10,,L2Q00,10-05-2023,C2Q00004,IN,,,1022,F9350RS,YMG,5826,2008862078,70,22-02-2023,25-04-2023,18-04-2023,,Available
1.01E+15,2008862098,220,21-02-2023,Y101,4510847211,10,,L2Q00,10-05-2023,C2Q00004,IN,,,1022,F9350ER,YMG,5826,2008862078,80,22-02-2023,25-04-2023,18-04-2023,,Available
1.01E+15,2008862098,230,21-02-2023,Y101,4510847211,10,,L2Q00,10-05-2023,C2Q00004,IN,,,1022,F9350ER,YMG,5826,2008862078,90,22-02-2023,25-04-2023,18-04-2023,,Available
1.01E+15,2008862098,240,21-02-2023,Y101,4510847211,10,,L2Q00,23-03-2023,C2Q00004,IN,17-03-2023,,1022,F9350KZ,YMG,5826,2008862078,100,22-02-2023,03-04-2023,13-03-2023,13-03-2023,Ship Out
1.01E+15,2008862098,250,21-02-2023,Y101,4510847211,10,,L2Q00,24-03-2023,C2Q00004,IN,17-03-2023,,1022,F9350EW,YMG,5826,2008862130,60,22-02-2023,23-03-2023,13-03-2023,14-03-2023,Ship Out
1.01E+15,2008862098,260,21-02-2023,Y101,4510847211,700,,L2Q00,11-04-2023,C2Q00004,IN,31-03-2023,,1022,F9340SB,YMG,5826,2008862078,110,22-02-2023,03-04-2023,27-03-2023,27-03-2023,Ship Out
1.01E+15,2008862098,270,21-02-2023,Y101,4510847211,16,,L2Q00,31-03-2023,C2Q00004,IN,29-03-2023,,1022,F9913RW,YMG,5826,2008862130,70,22-02-2023,23-03-2023,13-03-2023,15-03-2023,Ship Out
1.01E+15,2008862098,280,21-02-2023,Y101,4510847211,32,,L2Q00,27-04-2023,C2Q00004,IN,,,1022,F9913RV,YMG,5826,2008862130,80,22-02-2023,10-05-2023,17-04-2023,17-04-2023,Ship Out
1.01E+15,2008862098,290,21-02-2023,Y101,4510847211,32,,L2Q00,28-04-2023,C2Q00004,IN,,,1022,F9913RV,YMG,5826,2008862130,90,22-02-2023,10-05-2023,17-04-2023,18-04-2023,DIL
1.01E+15,2008862098,300,21-02-2023,Y101,4510847211,60,,L2Q00,22-03-2023,C2Q00004,IN,17-03-2023,,1022,F9913VA,YMG,5826,2008862089,10,22-02-2023,23-03-2023,07-03-2023,10-03-2023,Ship Out
1.01E+15,2008862098,310,21-02-2023,Y101,4510847211,60,,L2Q00,22-03-2023,C2Q00004,IN,17-03-2023,,1022,F9913VA,YMG,5826,2008862089,20,22-02-2023,23-03-2023,09-03-2023,10-03-2023,Ship Out
1.01E+15,2008878857,10,01-03-2023,Y101,4510867601,30,,L2Q00,20-06-2023,C2Q00004,IN,,,1022,F9341JX,YMG,5826,2008878896,10,02-03-2023,12-06-2023,,,
1.01E+15,2008878857,20,01-03-2023,Y101,4510867601,1,,L2Q00,27-03-2023,C2Q00004,IN,15-03-2023,,1022,C2001EC-11,YMG,5826,2008878895,10,02-03-2023,13-03-2023,10-03-2023,10-03-2023,Ship Out
1.01E+15,2008878857,30,01-03-2023,Y101,4510867601,1,,L2Q00,18-04-2023,C2Q00004,IN,05-04-2023,,1022,F9202SJ,YMG,5826,2008878896,20,02-03-2023,10-04-2023,23-03-2023,30-03-2023,Ship Out
1.01E+15,2008878857,40,01-03-2023,Y101,4510867601,1,,L2Q00,20-06-2023,C2Q00004,IN,,,1022,C2051FD-21,YMG,5826,2008878894,10,02-03-2023,12-06-2023,,,
1.01E+15,2008880225,10,02-03-2023,Y101,4510869589,10000,,L2Q00,19-04-2023,C2Q00004,IN,14-04-2023,,1022,G9330DB,YMG,5826,2008880284,10,02-03-2023,11-04-2023,05-04-2023,05-04-2023,Ship Out
1.01E+15,2008880225,20,02-03-2023,Y101,4510869589,10800,,L2Q00,25-09-2023,C2Q00004,IN,,,1022,A1462CC,YMG,5826,2008880288,10,02-03-2023,14-09-2023,,,
1.01E+15,2008880225,30,02-03-2023,Y101,4510869589,10000,,L2Q00,28-03-2023,C2Q00004,IN,22-03-2023,,1022,Y9812PS,YMG,5826,2008880288,20,02-03-2023,11-04-2023,15-03-2023,15-03-2023,Ship Out
1.01E+15,2008880225,40,02-03-2023,Y101,4510869589,90,,L2Q00,12-04-2023,C2Q00004,IN,12-04-2023,,1022,F9920VT,YMG,5826,2008880283,10,03-03-2023,04-04-2023,06-04-2023,06-04-2023,Ship Out
1.01E+15,2008880225,50,02-03-2023,Y101,4510869589,800,,L2Q00,25-04-2023,C2Q00004,IN,,,1022,F9900SN,YMG,5826,2008880288,30,02-03-2023,18-04-2023,11-04-2023,13-04-2023,Ship Out
1.01E+15,2008880225,60,02-03-2023,Y101,4510869589,100,,L2Q00,31-03-2023,C2Q00004,IN,29-03-2023,,1022,F9900GD,YMG,5826,2008880287,10,02-03-2023,04-04-2023,17-03-2023,22-03-2023,Ship Out
1.01E+15,2008880225,80,02-03-2023,Y101,4510869589,2000,,L2Q00,19-04-2023,C2Q00004,IN,14-04-2023,,1022,F9270BK,YMG,5826,2008880288,50,02-03-2023,11-04-2023,10-04-2023,10-04-2023,Ship Out
1.01E+15,2008880225,90,02-03-2023,Y101,4510869589,60,,L2Q00,31-03-2023,C2Q00004,IN,24-03-2023,,1022,F9913VA,YMG,5826,2008880286,10,03-03-2023,04-04-2023,20-03-2023,20-03-2023,Ship Out
1.01E+15,2008880225,100,02-03-2023,Y101,4510869589,50,,L2Q00,31-03-2023,C2Q00004,IN,29-03-2023,,1022,F9903CM,YMG,5826,2008880283,20,03-03-2023,04-04-2023,20-03-2023,22-03-2023,Ship Out
1.01E+15,2008880225,110,02-03-2023,Y101,4510869589,24,,L2Q00,28-03-2023,C2Q00004,IN,22-03-2023,,1022,F9913SA,YMG,5826,2008880283,30,03-03-2023,17-03-2023,16-03-2023,16-03-2023,Ship Out
1.01E+15,2008880225,130,02-03-2023,Y101,4510869589,1000,,L2Q00,10-04-2023,C2Q00004,IN,31-03-2023,,1022,G9303NC,YMG,5826,2008880288,60,02-03-2023,11-04-2023,27-03-2023,28-03-2023,Ship Out
1.01E+15,2008880225,140,02-03-2023,Y101,4510869589,50,,L2Q00,26-04-2023,C2Q00004,IN,14-04-2023,,1022,F9275ZZ,YMG,5826,2008880288,70,02-03-2023,18-04-2023,10-04-2023,11-04-2023,Ship Out
1.01E+15,2008894739,10,09-03-2023,Y101,4510887261,1000,,L2Q00,21-06-2023,C2Q00004,IN,,,1022,F9341JP,YMG,5826,2008894839,10,09-03-2023,13-06-2023,,,
1.01E+15,2008894739,20,09-03-2023,Y101,4510887261,1000,,L2Q00,19-04-2023,C2Q00004,IN,12-04-2023,,1022,F9341JP,YMG,5826,2008894839,20,09-03-2023,11-04-2023,06-04-2023,06-04-2023,Ship Out
1.01E+15,2008894739,30,09-03-2023,Y101,4510887261,1000,,L2Q00,19-04-2023,C2Q00004,IN,12-04-2023,,1022,F9341JP,YMG,5826,2008894839,30,09-03-2023,11-04-2023,06-04-2023,06-04-2023,Ship Out
1.01E+15,2008894739,40,09-03-2023,Y101,4510887261,1000,,L2Q00,19-04-2023,C2Q00004,IN,12-04-2023,,1022,F9341JP,YMG,5826,2008894839,40,09-03-2023,11-04-2023,06-04-2023,06-04-2023,Ship Out
1.01E+15,2008894739,50,09-03-2023,Y101,4510887261,1000,,L2Q00,19-04-2023,C2Q00004,IN,12-04-2023,,1022,F9341JP,YMG,5826,2008894839,50,09-03-2023,11-04-2023,06-04-2023,06-04-2023,Ship Out
1.01E+15,2008975274,10,13-04-2023,Y101,4510979579,714,,L2Q00,02-06-2023,C2Q00004,IN,,,1022,F9900SF,YMG,5826,2008975326,10,13-04-2023,25-05-2023,,,
1.01E+15,2008905069,10,14-03-2023,Y101,4510900171,50,,L2Q00,10-04-2023,C2Q00004,IN,31-03-2023,,1022,F9275EG,YMG,5826,2008905233,10,15-03-2023,11-04-2023,27-03-2023,28-03-2023,Ship Out
1.01E+15,2008905069,20,14-03-2023,Y101,4510900171,50,,L2Q00,10-04-2023,C2Q00004,IN,31-03-2023,,1022,F9275EF,YMG,5826,2008905232,10,15-03-2023,11-04-2023,27-03-2023,27-03-2023,Ship Out
1.01E+15,2008905069,30,14-03-2023,Y101,4510900171,4,,L2Q00,15-05-2023,C2Q00004,IN,,,1022,F9340WX,YMG,5826,2008905119,10,15-03-2023,28-04-2023,,,
1.01E+15,2008905069,40,14-03-2023,Y101,4510900171,4,,L2Q00,15-05-2023,C2Q00004,IN,,,1022,F9340WX,YMG,5826,2008905119,20,15-03-2023,28-04-2023,,,
1.01E+15,2008905069,50,14-03-2023,Y101,4510900171,4,,L2Q00,15-05-2023,C2Q00004,IN,,,1022,F9340WX,YMG,5826,2008905119,30,15-03-2023,28-04-2023,,,
1.01E+15,2008885049,10,04-03-2023,Y101,4510875282,2000,,L2Q00,17-04-2023,C2Q00004,IN,07-04-2023,,1022,G9303NC,YMG,5826,2008885077,10,06-03-2023,13-04-2023,04-04-2023,04-04-2023,Ship Out
1.01E+15,2008885049,20,04-03-2023,Y101,4510875282,4,,L2Q00,03-04-2023,C2Q00004,IN,29-03-2023,,1022,F9340WX,YMG,5826,2008885078,10,06-03-2023,20-04-2023,20-03-2023,22-03-2023,Ship Out
1.01E+15,2008885049,30,04-03-2023,Y101,4510875282,4,,L2Q00,04-04-2023,C2Q00004,IN,29-03-2023,,1022,F9340WX,YMG,5826,2008885078,20,06-03-2023,20-04-2023,20-03-2023,22-03-2023,Ship Out
1.01E+15,2008885049,40,04-03-2023,Y101,4510875282,32,,L2Q00,14-04-2023,C2Q00004,IN,31-03-2023,,1022,F9913RV,YMG,5826,2008885078,30,07-03-2023,06-04-2023,23-03-2023,28-03-2023,Ship Out
1.01E+15,2008885049,50,04-03-2023,Y101,4510875282,2000,,L2Q00,29-03-2023,C2Q00004,IN,24-03-2023,,1022,F9341JQ,YMG,5826,2008885077,20,05-03-2023,13-04-2023,16-03-2023,17-03-2023,Ship Out
1.01E+15,2008885049,60,04-03-2023,Y101,4510875282,700,,L2Q00,21-04-2023,C2Q00004,IN,14-04-2023,,1022,F9340SB,YMG,5826,2008885079,10,06-03-2023,13-04-2023,07-04-2023,10-04-2023,Ship Out
1.01E+15,2008885049,70,04-03-2023,Y101,4510875282,32,,L2Q00,14-04-2023,C2Q00004,IN,31-03-2023,,1022,F9913RV,YMG,5826,2008885078,40,07-03-2023,06-04-2023,27-03-2023,28-03-2023,Ship Out
1.01E+15,2008889217,10,07-03-2023,Y101,4510880680,10,,L2Q00,19-06-2023,C2Q00012,IN,,,1022,F9340TZ,YMG,5826,2008889197,10,17-04-2023,09-06-2023,,,
1.01E+15,2008889217,20,07-03-2023,Y101,4510880680,10,,L2Q00,19-06-2023,C2Q00012,IN,,,1022,F9340TX,YMG,5826,2008889197,20,17-04-2023,09-06-2023,,,
1.01E+15,2008889217,30,07-03-2023,Y101,4510880680,10,,L2Q00,13-04-2023,C2Q00012,IN,07-04-2023,,1022,F9300TE,YMG,5826,2008889199,10,07-03-2023,14-04-2023,03-04-2023,03-04-2023,Ship Out
1.01E+15,2008898020,10,10-03-2023,Y101,4510891809,20,,L2Q00,29-06-2023,C2Q00012,IN,,,1022,D0117XL-A,,,,,,,,,
1.01E+15,2008889217,50,07-03-2023,Y101,4510880680,20,,L2Q00,22-03-2023,C2Q00012,IN,15-03-2023,,1022,F9273CZ,YMG,5826,2008889198,20,07-03-2023,14-04-2023,10-03-2023,10-03-2023,Ship Out
1.01E+15,2008886859,10,06-03-2023,Y101,4510877630,640,,L2Q00,17-04-2023,C2Q00004,IN,07-04-2023,,1022,F9900GK,YMG,5826,2008886923,10,07-03-2023,13-04-2023,04-04-2023,04-04-2023,Ship Out
1.01E+15,2008887383,10,06-03-2023,Y101,4510878146,16,,L2Q00,31-03-2023,C2Q00004,IN,24-03-2023,,1022,F9913AL,YMG,5826,2008887388,10,07-03-2023,06-04-2023,20-03-2023,20-03-2023,Ship Out
1.01E+15,2008887383,20,06-03-2023,Y101,4510878146,100,,L2Q00,21-04-2023,C2Q00004,IN,14-04-2023,,1022,F9940WG,YMG,5826,2008887410,10,07-03-2023,13-04-2023,11-04-2023,11-04-2023,Ship Out
1.01E+15,2008887383,30,06-03-2023,Y101,4510878146,600,,L2Q00,14-04-2023,C2Q00004,IN,12-04-2023,,1022,F9342NJ,YMG,5826,2008887388,20,07-03-2023,06-04-2023,06-04-2023,07-04-2023,Ship Out
1.01E+15,2008887383,40,06-03-2023,Y101,4510878146,1000,,L2Q00,31-03-2023,C2Q00004,IN,29-03-2023,,1022,D0114RB,YMG,5826,2008887410,20,06-03-2023,06-04-2023,20-03-2023,22-03-2023,Ship Out
1.01E+15,2008887383,50,06-03-2023,Y101,4510878146,32,,L2Q00,10-04-2023,C2Q00004,IN,31-03-2023,,1022,F9913RV,YMG,5826,2008887388,30,07-03-2023,06-04-2023,27-03-2023,27-03-2023,Ship Out
1.01E+15,2008887383,60,06-03-2023,Y101,4510878146,30,,L2Q00,31-03-2023,C2Q00004,IN,24-03-2023,,1022,F9913CA,YMG,5826,2008887388,40,07-03-2023,06-04-2023,16-03-2023,17-03-2023,Ship Out
1.01E+15,2008887383,70,06-03-2023,Y101,4510878146,1120,,L2Q00,26-05-2023,C2Q00004,IN,,,1022,F9910LS,YMG,5826,2008887389,10,07-03-2023,18-05-2023,,,
1.01E+15,2008896288,10,09-03-2023,Y101,4510889216,21,,L2Q00,04-04-2023,C2Q00004,IN,22-03-2023,,1022,F9900TD,YMG,5826,2008896305,10,10-03-2023,27-03-2023,15-03-2023,15-03-2023,Ship Out
1.01E+15,2008896288,20,09-03-2023,Y101,4510889216,700,,L2Q00,26-04-2023,C2Q00004,IN,,,1022,F9340SB,YMG,5826,2008896305,20,10-03-2023,18-04-2023,13-04-2023,13-04-2023,Ship Out
1.01E+15,2008896288,30,09-03-2023,Y101,4510889216,1000,,L2Q00,31-05-2023,C2Q00004,IN,,,1022,F9900AA,YMG,5826,2008896304,10,10-03-2023,23-05-2023,,,
1.01E+15,2008899204,20,10-03-2023,Y101,4510893330,600,,L2Q00,25-04-2023,C2Q00004,IN,14-04-2023,,1022,D0114PB,YMG,5826,2008899373,20,10-03-2023,17-04-2023,10-04-2023,11-04-2023,Ship Out
1.01E+15,2008899204,30,10-03-2023,Y101,4510893330,1000,,L2Q00,01-06-2023,C2Q00004,IN,,,1022,F9900AA,YMG,5826,2008899372,10,13-03-2023,24-05-2023,,,
1.01E+15,2008911025,10,16-03-2023,Y101,4510907178,600,,L2Q00,13-04-2023,C2Q00004,IN,07-04-2023,,1022,F9900SB,YMG,5826,2008911201,10,17-03-2023,11-04-2023,03-04-2023,03-04-2023,Ship Out
1.01E+15,2008911395,10,16-03-2023,Y101,4510907760,30,,L2Q00,10-04-2023,C2Q00004,IN,31-03-2023,,1022,F9913CA,YMG,5826,2008911289,10,17-03-2023,18-04-2023,27-03-2023,27-03-2023,Ship Out
1.01E+15,2008911395,20,16-03-2023,Y101,4510907760,420,,L2Q00,18-04-2023,C2Q00004,IN,12-04-2023,,1022,F9900SF,YMG,5826,2008911450,10,17-03-2023,25-04-2023,07-04-2023,07-04-2023,Ship Out
1.01E+15,2008911395,30,16-03-2023,Y101,4510907760,16,,L2Q00,18-04-2023,C2Q00004,IN,12-04-2023,,1022,F9913AL,YMG,5826,2008911289,20,17-03-2023,18-04-2023,06-04-2023,07-04-2023,Ship Out
1.01E+15,2008911395,40,16-03-2023,Y101,4510907760,16,,L2Q00,20-04-2023,C2Q00004,IN,14-04-2023,,1022,F9913AL,YMG,5826,2008911289,30,17-03-2023,18-04-2023,10-04-2023,10-04-2023,Ship Out
1.01E+15,2008911395,50,16-03-2023,Y101,4510907760,2000,,L2Q00,28-04-2023,C2Q00004,IN,,,1022,F9270BK,YMG,5826,2008911451,10,17-03-2023,25-04-2023,18-04-2023,18-04-2023,DIL
1.01E+15,2008911395,60,16-03-2023,Y101,4510907760,10000,,L2Q00,13-04-2023,C2Q00004,IN,07-04-2023,,1022,Y9308JY,YMG,5826,2008911451,20,17-03-2023,25-04-2023,27-03-2023,03-04-2023,Ship Out
1.01E+15,2008911395,80,16-03-2023,Y101,4510907760,1000,,L2Q00,10-04-2023,C2Q00004,IN,31-03-2023,,1022,F9270BJ,YMG,5826,2008911451,30,17-03-2023,11-04-2023,27-03-2023,28-03-2023,Ship Out
1.01E+15,2008911395,90,16-03-2023,Y101,4510907760,50,,L2Q00,28-04-2023,C2Q00004,IN,,,1022,F9275ZZ,YMG,5826,2008911451,40,17-03-2023,09-05-2023,14-04-2023,18-04-2023,DIL
1.01E+15,2008911395,100,16-03-2023,Y101,4510907760,1000,,L2Q00,10-04-2023,C2Q00004,IN,31-03-2023,,1022,F9270BJ,YMG,5826,2008911451,50,17-03-2023,11-04-2023,27-03-2023,28-03-2023,Ship Out
1.01E+15,2008911395,110,16-03-2023,Y101,4510907760,1000,,L2Q00,19-04-2023,C2Q00004,IN,14-04-2023,,1022,F9900RF,YMG,5826,2008911450,20,17-03-2023,25-04-2023,07-04-2023,10-04-2023,Ship Out
1.01E+15,2008911395,120,16-03-2023,Y101,4510907760,800,,L2Q00,09-05-2023,C2Q00004,IN,,,1009,F9900SN,YMG,5826,2008911451,60,17-03-2023,09-05-2023,,,
1.01E+15,2008911395,130,16-03-2023,Y101,4510907760,3000,,L2Q00,19-04-2023,C2Q00004,IN,14-04-2023,,1022,F9341JA,YMG,5826,2008911451,70,17-03-2023,25-04-2023,07-04-2023,10-04-2023,Ship Out
1.01E+15,2008915077,10,18-03-2023,Y101,4510911962,180,,L2Q00,11-05-2023,C2Q00004,IN,,,1022,F9920BN,YMG,5826,2008915026,10,20-03-2023,27-04-2023,,,
1.01E+15,2008911148,10,16-03-2023,Y101,4510907496,500,,L2Q00,19-04-2023,C2Q00004,IN,14-04-2023,,1022,D0114PB,YMG,5826,2008911277,10,16-03-2023,11-04-2023,10-04-2023,10-04-2023,Ship Out
1.01E+15,2008911148,20,16-03-2023,Y101,4510907496,1700,,L2Q00,20-04-2023,C2Q00004,IN,14-04-2023,,1022,F9900AC,YMG,5826,2008911273,10,17-03-2023,18-04-2023,10-04-2023,10-04-2023,Ship Out
1.01E+15,2008911148,30,16-03-2023,Y101,4510907496,100,,L2Q00,26-04-2023,C2Q00004,IN,14-04-2023,,1022,F9900GD,YMG,5826,2008911277,20,17-03-2023,18-04-2023,10-04-2023,11-04-2023,Ship Out
1.01E+15,2008915078,10,18-03-2023,Y101,4510911963,180,,L2Q00,11-05-2023,C2Q00004,IN,,,1022,F9920BQ,YMG,5826,2008915028,10,20-03-2023,27-04-2023,,,
1.01E+15,2008924987,10,23-03-2023,Y101,4510923476,12,,L2Q00,23-05-2023,C2Q00004,IN,,,1022,F9340WX,YMG,5826,2008925115,10,27-03-2023,15-05-2023,,,
1.01E+15,2008924987,20,23-03-2023,Y101,4510923476,1000,,L2Q00,27-06-2023,C2Q00004,IN,,,1022,F9341JZ,YMG,5826,2008925116,10,24-03-2023,19-06-2023,,,
1.01E+15,2008924987,30,23-03-2023,Y101,4510923476,180,,L2Q00,16-05-2023,C2Q00004,IN,,,1022,F9920BQ,YMG,5826,2008925115,20,27-03-2023,08-05-2023,,,
1.01E+15,2008924987,40,23-03-2023,Y101,4510923476,360,,L2Q00,16-05-2023,C2Q00004,IN,,,1022,F9920BN,YMG,5826,2008925115,30,27-03-2023,08-05-2023,,,
1.01E+15,2008924987,50,23-03-2023,Y101,4510923476,150,,L2Q00,28-04-2023,C2Q00004,IN,,,1022,F9275ED,YMG,5826,2008925113,10,24-03-2023,26-04-2023,18-04-2023,18-04-2023,DIL
1.01E+15,2008924987,60,23-03-2023,Y101,4510923476,50,,L2Q00,27-04-2023,C2Q00004,IN,,,1022,F9275EF,YMG,5826,2008925116,20,24-03-2023,19-04-2023,10-04-2023,12-04-2023,Ship Out
1.01E+15,2008924987,70,23-03-2023,Y101,4510923476,1700,,L2Q00,09-05-2023,C2Q00004,IN,,,1022,F9900AC,YMG,5826,2008925115,40,27-03-2023,24-04-2023,13-04-2023,15-04-2023,Ship Out
1.01E+15,2008924987,80,23-03-2023,Y101,4510923476,1000,,L2Q00,16-05-2023,C2Q00004,IN,,,1022,F9940WF,YMG,5826,2008925113,20,24-03-2023,08-05-2023,,,
1.01E+15,2008924987,90,23-03-2023,Y101,4510923476,2000,,L2Q00,17-04-2023,C2Q00004,IN,07-04-2023,,1022,F9300AF,YMG,5826,2008925116,30,24-03-2023,24-04-2023,03-04-2023,04-04-2023,Ship Out
1.01E+15,2008924987,100,23-03-2023,Y101,4510923476,60,,L2Q00,18-04-2023,C2Q00004,IN,12-04-2023,,1022,F9913VS,YMG,5826,2008925115,50,27-03-2023,24-04-2023,05-04-2023,07-04-2023,Ship Out
1.01E+15,2008929848,10,25-03-2023,Y101,4510928555,500,,L2Q00,27-04-2023,C2Q00004,IN,,,1022,F9900RL,YMG,5826,2008929875,10,27-03-2023,19-04-2023,10-04-2023,12-04-2023,Ship Out
1.01E+15,2008929848,20,25-03-2023,Y101,4510928555,1000,,L2Q00,25-05-2023,C2Q00004,IN,,,1022,F9913MB,YMG,5826,2008929876,10,27-03-2023,17-05-2023,,,
1.01E+15,2008929848,30,25-03-2023,Y101,4510928555,1000,,L2Q00,18-04-2023,C2Q00004,IN,07-04-2023,,1022,F9913MA,YMG,5826,2008929876,20,25-03-2023,19-04-2023,04-04-2023,04-04-2023,Ship Out
1.01E+15,2008929848,40,25-03-2023,Y101,4510928555,16,,L2Q00,25-04-2023,C2Q00004,IN,,,1022,F9913AL,YMG,5826,2008929874,10,27-03-2023,26-04-2023,11-04-2023,13-04-2023,Ship Out
1.01E+15,2008929848,50,25-03-2023,Y101,4510928555,16,,L2Q00,25-04-2023,C2Q00004,IN,,,1022,F9913AL,YMG,5826,2008929874,20,27-03-2023,26-04-2023,12-04-2023,13-04-2023,Ship Out
1.01E+15,2008929848,60,25-03-2023,Y101,4510928555,1000,,L2Q00,28-04-2023,C2Q00004,IN,,,1022,F9900RS,YMG,5826,2008929876,30,27-03-2023,10-05-2023,17-04-2023,18-04-2023,DIL
1.01E+15,2008929848,70,25-03-2023,Y101,4510928555,2000,,L2Q00,28-04-2023,C2Q00004,IN,,,1022,G9303NC,YMG,5826,2008929875,20,27-03-2023,10-05-2023,18-04-2023,18-04-2023,DIL
1.01E+15,2008929848,80,25-03-2023,Y101,4510928555,6000,,L2Q00,25-05-2023,C2Q00004,IN,,,1022,F9900EA,YMG,5826,2008929875,30,27-03-2023,17-05-2023,,,
1.01E+15,2008929848,90,25-03-2023,Y101,4510928555,1000,,L2Q00,15-06-2023,C2Q00004,IN,,,1022,F9900AA,YMG,5826,2008929875,40,27-03-2023,07-06-2023,,,
1.01E+15,2008929848,100,25-03-2023,Y101,4510928555,700,,L2Q00,18-05-2023,C2Q00004,IN,,,1022,F9340SB,YMG,5826,2008929876,40,27-03-2023,10-05-2023,,,
1.01E+15,2008929848,110,25-03-2023,Y101,4510928555,600,,L2Q00,27-04-2023,C2Q00004,IN,,,1022,D0114PB,YMG,5826,2008929876,50,25-03-2023,19-04-2023,12-04-2023,12-04-2023,Ship Out
1.01E+15,2008929848,120,25-03-2023,Y101,4510928555,16,,L2Q00,18-04-2023,C2Q00004,IN,07-04-2023,,1022,F9913WH,YMG,5826,2008929874,30,27-03-2023,12-04-2023,29-03-2023,03-04-2023,Ship Out
1.01E+15,2008929848,130,25-03-2023,Y101,4510928555,16,,L2Q00,20-04-2023,C2Q00004,IN,14-04-2023,,1022,F9913WH,YMG,5826,2008929874,40,27-03-2023,12-04-2023,10-04-2023,10-04-2023,Ship Out
1.01E+15,2008929848,140,25-03-2023,Y101,4510928555,600,,L2Q00,11-05-2023,C2Q00004,IN,,,1022,F9342NJ,YMG,5826,2008929874,50,27-03-2023,26-04-2023,,,
1.01E+15,2008929933,10,25-03-2023,Y101,4510928681,4000,,L2Q00,18-05-2023,C2Q00004,IN,,,1022,F9900BA,YMG,5826,2008930035,10,27-03-2023,10-05-2023,,,
1.01E+15,2008932249,10,27-03-2023,Y101,4510931075,180,,L2Q00,18-05-2023,C2Q00004,IN,,,1022,F9920BQ,YMG,5826,2008932462,10,29-03-2023,10-05-2023,,,
1.01E+15,2008932249,20,27-03-2023,Y101,4510931075,2000,,L2Q00,11-05-2023,C2Q00004,IN,,,1022,F9300AF,YMG,5826,2008932463,10,28-03-2023,26-04-2023,18-04-2023,,Available
1.01E+15,2008932249,30,27-03-2023,Y101,4510931075,1120,,L2Q00,15-06-2023,C2Q00004,IN,,,1022,F9910LS,YMG,5826,2008932468,10,28-03-2023,07-06-2023,,,
1.01E+15,2008932249,40,27-03-2023,Y101,4510931075,600,,L2Q00,27-04-2023,C2Q00004,IN,,,1022,D0114PB,YMG,5826,2008932468,20,27-03-2023,19-04-2023,14-04-2023,14-04-2023,DIL
1.01E+15,2008932249,50,27-03-2023,Y101,4510931075,30,,L2Q00,21-04-2023,C2Q00004,IN,,,1022,F9913CA,YMG,5826,2008932462,20,28-03-2023,26-04-2023,05-04-2023,07-04-2023,Ship Out
1.01E+15,2008932249,60,27-03-2023,Y101,4510931075,500,,L2Q00,27-04-2023,C2Q00004,IN,,,1022,F9900RR,YMG,5826,2008932463,20,28-03-2023,19-04-2023,,,
1.01E+15,2008932249,70,27-03-2023,Y101,4510931075,24,,L2Q00,21-04-2023,C2Q00004,IN,,,1022,F9913SA,YMG,5826,2008932462,30,28-03-2023,13-04-2023,11-04-2023,12-04-2023,Ship Out
1.01E+15,2008932249,80,27-03-2023,Y101,4510931075,180,,L2Q00,18-05-2023,C2Q00004,IN,,,1022,F9920BN,YMG,5826,2008932462,40,29-03-2023,10-05-2023,,,
1.01E+15,2008932249,90,27-03-2023,Y101,4510931075,1700,,L2Q00,11-05-2023,C2Q00004,IN,,,1022,F9900AC,YMG,5826,2008932462,50,28-03-2023,26-04-2023,17-04-2023,,Available
1.01E+15,2008941687,10,29-03-2023,Y101,4510940639,1000,,L2Q00,22-05-2023,C2Q00004,IN,,,1022,F9900RS,YMG,5826,2008941788,10,30-03-2023,12-05-2023,18-04-2023,,Available
1.01E+15,2008941687,20,29-03-2023,Y101,4510940639,10,,L2Q00,05-06-2023,C2Q00004,IN,,,1022,F9350RS,YMG,5826,2008941788,20,30-03-2023,26-05-2023,,,
1.01E+15,2008941687,30,29-03-2023,Y101,4510940639,1000,,L2Q00,26-04-2023,C2Q00004,IN,,,1022,F9900SH,YMG,5826,2008941786,10,30-03-2023,28-04-2023,13-04-2023,14-04-2023,Ship Out
1.01E+15,2008941687,40,29-03-2023,Y101,4510940639,60,,L2Q00,15-05-2023,C2Q00004,IN,,,1022,F9913SE,YMG,5826,2008941787,10,30-03-2023,28-04-2023,,,
1.01E+15,2008941687,50,29-03-2023,Y101,4510940639,600,,L2Q00,15-05-2023,C2Q00004,IN,,,1022,F9342NJ,YMG,5826,2008941787,20,03-04-2023,28-04-2023,,,
1.01E+15,2008941687,60,29-03-2023,Y101,4510940639,16,,L2Q00,25-04-2023,C2Q00004,IN,,,1022,F9913AL,YMG,5826,2008941787,30,03-04-2023,17-04-2023,13-04-2023,13-04-2023,Ship Out
1.01E+15,2008941687,70,29-03-2023,Y101,4510940639,16,,L2Q00,15-05-2023,C2Q00004,IN,,,1022,F9913AL,YMG,5826,2008941787,40,03-04-2023,28-04-2023,17-04-2023,,Available
1.01E+15,2008941687,90,29-03-2023,Y101,4510940639,2000,,L2Q00,22-05-2023,C2Q00004,IN,,,1022,F9341JD,YMG,5826,2008941785,10,30-03-2023,12-05-2023,,,
1.01E+15,2008941687,100,29-03-2023,Y101,4510940639,600,,L2Q00,08-05-2023,C2Q00004,IN,,,1022,D0114PB,YMG,5826,2008941788,30,29-03-2023,21-04-2023,18-04-2023,,Available
1.01E+15,2008941687,110,29-03-2023,Y101,4510940639,2000,,L2Q00,22-05-2023,C2Q00004,IN,,,1022,F9341JQ,YMG,5826,2008941786,30,29-03-2023,12-05-2023,,,
1.01E+15,2008941687,120,29-03-2023,Y101,4510940639,16,,L2Q00,15-05-2023,C2Q00004,IN,,,1022,F9913AL,YMG,5826,2008941787,50,03-04-2023,28-04-2023,17-04-2023,,Available
1.01E+15,2008941687,130,29-03-2023,Y101,4510940639,10,,L2Q00,15-05-2023,C2Q00004,IN,,,1022,F9350EW,YMG,5826,2008941787,60,03-04-2023,28-04-2023,,,
1.01E+15,2008941687,140,29-03-2023,Y101,4510940639,10,,L2Q00,05-06-2023,C2Q00004,IN,,,1022,F9350ER,YMG,5826,2008941788,40,30-03-2023,26-05-2023,,,
1.01E+15,2008941687,150,29-03-2023,Y101,4510940639,10,,L2Q00,22-05-2023,C2Q00004,IN,,,1022,F9350KZ,YMG,5826,2008941788,50,30-03-2023,12-05-2023,18-04-2023,,Available
1.01E+15,2008941687,160,29-03-2023,Y101,4510940639,30,,L2Q00,21-04-2023,C2Q00004,IN,14-04-2023,,1022,F9913CS,YMG,5826,2008941787,70,03-04-2023,28-04-2023,11-04-2023,11-04-2023,Ship Out
1.01E+15,2008961084,10,06-04-2023,Y101,4510961634,1000,,L2Q00,26-05-2023,C2Q00004,IN,,,1022,F9341JE,YMG,5826,2008961218,10,06-04-2023,18-05-2023,,,
1.01E+15,2008961084,20,06-04-2023,Y101,4510961634,1000,,L2Q00,26-05-2023,C2Q00004,IN,,,1022,F9341JE,YMG,5826,2008961218,20,06-04-2023,18-05-2023,,,
1.01E+15,2008961084,30,06-04-2023,Y101,4510961634,1000,,L2Q00,26-05-2023,C2Q00004,IN,,,1022,F9341JE,YMG,5826,2008961218,30,06-04-2023,18-05-2023,,,
1.01E+15,2008961084,40,06-04-2023,Y101,4510961634,1000,,L2Q00,26-05-2023,C2Q00004,IN,,,1022,F9341JE,YMG,5826,2008961218,40,06-04-2023,18-05-2023,,,
1.01E+15,2008961084,50,06-04-2023,Y101,4510961634,1000,,L2Q00,26-05-2023,C2Q00004,IN,,,1022,F9341JE,YMG,5826,2008961218,50,06-04-2023,18-05-2023,,,
1.01E+15,2008949849,10,31-03-2023,Y101,4510948002,1000,,L2Q00,26-04-2023,C2Q00004,IN,14-04-2023,,1022,F9270BJ,YMG,5826,2008949936,10,03-04-2023,24-04-2023,10-04-2023,10-04-2023,Ship Out
1.01E+15,2008949849,20,31-03-2023,Y101,4510948002,180,,L2Q00,23-05-2023,C2Q00004,IN,,,1022,F9920BQ,YMG,5826,2008949933,10,03-04-2023,15-05-2023,,,
1.01E+15,2008949849,30,31-03-2023,Y101,4510948002,600,,L2Q00,16-05-2023,C2Q00004,IN,,,1022,F9342NJ,YMG,5826,2008949933,20,03-04-2023,08-05-2023,,,
1.01E+15,2008949849,40,31-03-2023,Y101,4510948002,2000,,L2Q00,23-05-2023,C2Q00004,IN,,,1022,F9270BK,YMG,5826,2008949936,20,03-04-2023,15-05-2023,,,
1.01E+15,2008949849,50,31-03-2023,Y101,4510948002,200,,L2Q00,16-05-2023,C2Q00004,IN,,,1022,F9900AU,YMG,5826,2008949933,30,03-04-2023,08-05-2023,,,
1.01E+15,2008949849,60,31-03-2023,Y101,4510948002,600,,L2Q00,26-04-2023,C2Q00004,IN,12-04-2023,,1022,F9900BC,YMG,5826,2008949934,10,03-04-2023,18-04-2023,05-04-2023,07-04-2023,Ship Out
1.01E+15,2008949849,80,31-03-2023,Y101,4510948002,3000,,L2Q00,26-04-2023,C2Q00004,IN,12-04-2023,,1022,F9273CZ,YMG,5826,2008949936,30,31-03-2023,15-05-2023,05-04-2023,07-04-2023,Ship Out
1.01E+15,2008949849,90,31-03-2023,Y101,4510948002,180,,L2Q00,23-05-2023,C2Q00004,IN,,,1022,F9920BQ,YMG,5826,2008949933,50,03-04-2023,15-05-2023,,,
1.01E+15,2008949849,100,31-03-2023,Y101,4510948002,10000,,L2Q00,23-05-2023,C2Q00004,IN,,,1022,G9330DB,YMG,5826,2008949932,10,31-03-2023,15-05-2023,,,
1.01E+15,2008949849,110,31-03-2023,Y101,4510948002,700,,L2Q00,23-05-2023,C2Q00004,IN,,,1022,F9340SB,YMG,5826,2008949934,20,03-04-2023,15-05-2023,,,
1.01E+15,2008949849,120,31-03-2023,Y101,4510948002,1000,,L2Q00,23-05-2023,C2Q00004,IN,,,1022,F9900RE,YMG,5826,2008949936,40,03-04-2023,15-05-2023,,,
1.01E+15,2008949849,130,31-03-2023,Y101,4510948002,10800,,L2Q00,23-10-2023,C2Q00004,IN,,,1022,A1462CC,YMG,5826,2008949936,50,03-04-2023,13-10-2023,,,
1.01E+15,2008959336,10,05-04-2023,Y101,4510959534,180,,L2Q00,18-05-2023,C2Q00004,IN,,,1022,F9920TT,YMG,5826,2008959385,10,06-04-2023,10-05-2023,,,
1.01E+15,2008953937,10,03-04-2023,Y101,4510953002,1700,,L2Q00,19-05-2023,C2Q00004,IN,,,1022,F9900AC,YMG,5826,2008960209,10,07-04-2023,11-05-2023,,,
1.01E+15,2008953937,20,03-04-2023,Y101,4510953002,600,,L2Q00,09-05-2023,C2Q00004,IN,,,1022,D0114PB,YMG,5826,2008954010,10,03-04-2023,24-04-2023,18-04-2023,,Available
1.01E+15,2008953937,30,03-04-2023,Y101,4510953002,700,,L2Q00,23-05-2023,C2Q00004,IN,,,1022,F9340SB,YMG,5826,2008954010,20,04-04-2023,15-05-2023,,,
1.01E+15,2008953937,40,03-04-2023,Y101,4510953002,180,,L2Q00,26-05-2023,C2Q00004,IN,,,1022,F9920BN,YMG,5826,2008960209,20,07-04-2023,18-05-2023,,,
1.01E+15,2008956127,10,04-04-2023,Y101,4510956122,30,,L2Q00,17-05-2023,C2Q00012,IN,,,1022,F9341JP,YMG,5826,2008956237,10,04-04-2023,09-05-2023,18-04-2023,,Available
1.01E+15,2008956127,20,04-04-2023,Y101,4510956122,20,,L2Q00,17-05-2023,C2Q00012,IN,,,1022,F9340SD,YMG,5826,2008956240,10,05-04-2023,09-05-2023,18-04-2023,,Available
1.01E+15,2008956127,30,04-04-2023,Y101,4510956122,20,,L2Q00,10-05-2023,C2Q00012,IN,,,1022,D0114PB,YMG,5826,2008956240,20,04-04-2023,25-04-2023,,,
1.01E+15,2008956127,40,04-04-2023,Y101,4510956122,25,,L2Q00,07-06-2023,C2Q00012,IN,,,1022,F9270HE,YMG,5826,2008956240,30,04-04-2023,30-05-2023,,,
1.01E+15,2008956127,50,04-04-2023,Y101,4510956122,20,,L2Q00,26-04-2023,C2Q00012,IN,,,1022,D0114RZ,YMG,5826,2008956241,10,04-04-2023,18-04-2023,13-04-2023,13-04-2023,Ship Out
1.01E+15,2008956127,60,04-04-2023,Y101,4510956122,20,,L2Q00,17-05-2023,C2Q00012,IN,,,1022,F9340XX,YMG,5826,2008956241,20,05-04-2023,09-05-2023,18-04-2023,,Available
1.01E+15,2008956127,70,04-04-2023,Y101,4510956122,26,,L2Q00,25-04-2023,C2Q00012,IN,,,1009,F9900RP,YMG,5826,2008956236,10,05-04-2023,25-04-2023,,,
1.01E+15,2008956127,80,04-04-2023,Y101,4510956122,10,,L2Q00,07-06-2023,C2Q00012,IN,,,1022,F9340EM,YMG,5826,2008956237,20,06-04-2023,30-05-2023,,,
1.01E+15,2008956127,90,04-04-2023,Y101,4510956122,10,,L2Q00,19-04-2023,C2Q00012,IN,14-04-2023,,1022,F9275ED,YMG,5826,2008956240,40,05-04-2023,21-04-2023,10-04-2023,10-04-2023,Ship Out
1.01E+15,2008956127,100,04-04-2023,Y101,4510956122,20,,L2Q00,17-05-2023,C2Q00012,IN,,,1022,F9340XZ,YMG,5826,2008956241,30,05-04-2023,09-05-2023,,,
1.01E+15,2008958336,10,05-04-2023,Y101,4510958508,1120,,L2Q00,22-06-2023,C2Q00004,IN,,,1022,F9910LS,YMG,5826,2008958476,10,05-04-2023,14-06-2023,,,
1.01E+15,2008958336,20,05-04-2023,Y101,4510958508,180,,L2Q00,25-05-2023,C2Q00004,IN,,,1022,F9920BQ,YMG,5826,2008958475,10,06-04-2023,17-05-2023,,,
1.01E+15,2008958336,30,05-04-2023,Y101,4510958508,420,,L2Q00,25-05-2023,C2Q00004,IN,,,1022,F9900SF,YMG,5826,2008958476,20,06-04-2023,17-05-2023,,,
1.01E+15,2008958336,40,05-04-2023,Y101,4510958508,100,,L2Q00,25-05-2023,C2Q00004,IN,,,1022,F9940WG,YMG,5826,2008958472,10,06-04-2023,17-05-2023,,,
1.01E+15,2008958336,50,05-04-2023,Y101,4510958508,600,,L2Q00,18-05-2023,C2Q00004,IN,,,1022,F9342NJ,YMG,5826,2008958475,20,06-04-2023,10-05-2023,,,
1.01E+15,2008958336,60,05-04-2023,Y101,4510958508,180,,L2Q00,18-05-2023,C2Q00004,IN,,,1022,F9920TT,YMG,5826,2008958475,30,06-04-2023,10-05-2023,,,
1.01E+15,2008967112,10,10-04-2023,Y101,4510968635,180,,L2Q00,30-05-2023,C2Q00004,IN,,,1022,F9920BQ,YMG,5826,2008967133,10,11-04-2023,22-05-2023,,,
1.01E+15,2008967112,20,10-04-2023,Y101,4510968635,180,,L2Q00,30-05-2023,C2Q00004,IN,,,1022,F9920BN,YMG,5826,2008967133,20,11-04-2023,22-05-2023,,,
1.01E+15,2008967112,30,10-04-2023,Y101,4510968635,2000,,L2Q00,30-05-2023,C2Q00004,IN,,,1022,G9303NC,YMG,5826,2008967137,10,11-04-2023,22-05-2023,,,
1.01E+15,2008967112,40,10-04-2023,Y101,4510968635,420,,L2Q00,23-05-2023,C2Q00004,IN,,,1022,F9920LV,YMG,5826,2008967133,30,11-04-2023,15-05-2023,,,
1.01E+15,2008967112,50,10-04-2023,Y101,4510968635,1000,,L2Q00,30-05-2023,C2Q00004,IN,,,1022,F9900RF,YMG,5826,2008967134,10,11-04-2023,22-05-2023,,,
1.01E+15,2008967112,60,10-04-2023,Y101,4510968635,1000,,L2Q00,30-05-2023,C2Q00004,IN,,,1022,F9900RE,YMG,5826,2008967137,20,11-04-2023,22-05-2023,,,
1.01E+15,2008967112,70,10-04-2023,Y101,4510968635,700,,L2Q00,30-05-2023,C2Q00004,IN,,,1022,F9340SB,YMG,5826,2008967134,20,11-04-2023,22-05-2023,,,
1.01E+15,2008967112,80,10-04-2023,Y101,4510968635,1000,,L2Q00,30-05-2023,C2Q00004,IN,,,1022,F9900RS,YMG,5826,2008967134,30,11-04-2023,22-05-2023,,,
1.01E+15,2008967112,90,10-04-2023,Y101,4510968635,1000,,L2Q00,30-05-2023,C2Q00004,IN,,,1022,F9900RS,YMG,5826,2008967134,40,11-04-2023,22-05-2023,,,
1.01E+15,2008967112,100,10-04-2023,Y101,4510968635,3000,,L2Q00,30-05-2023,C2Q00004,IN,,,1022,F9273CZ,YMG,5826,2008967137,30,10-04-2023,22-05-2023,14-04-2023,,Available
1.01E+15,2008967112,110,10-04-2023,Y101,4510968635,2400,,L2Q00,23-05-2023,C2Q00004,IN,,,1022,F9900SK,YMG,5826,2008967137,40,11-04-2023,15-05-2023,,,
1.01E+15,2008967112,120,10-04-2023,Y101,4510968635,1000,,L2Q00,27-06-2023,C2Q00004,IN,,,1022,F9900AA,YMG,5826,2008967137,50,11-04-2023,19-06-2023,,,
1.01E+15,2008967112,130,10-04-2023,Y101,4510968635,800,,L2Q00,29-05-2023,C2Q00004,IN,,,1009,F9900SN,YMG,5826,2008967137,60,11-04-2023,29-05-2023,,,
1.01E+15,2008968223,10,11-04-2023,Y101,4510970040,180,,L2Q00,24-05-2023,C2Q00004,IN,,,1022,F9920TT,YMG,5826,2008968155,10,11-04-2023,16-05-2023,,,
1.01E+15,2008968223,20,11-04-2023,Y101,4510970040,800,,L2Q00,30-05-2023,C2Q00004,IN,,,1009,F9900SN,YMG,5826,2008968156,10,11-04-2023,30-05-2023,,,
1.01E+15,2008968223,30,11-04-2023,Y101,4510970040,63,,L2Q00,10-05-2023,C2Q00004,IN,,,1022,F9900TM,YMG,5826,2008968155,20,11-04-2023,25-04-2023,,,
1.01E+15,2008968223,40,11-04-2023,Y101,4510970040,1000,,L2Q00,31-05-2023,C2Q00004,IN,,,1022,F9940WF,YMG,5826,2008968157,10,11-04-2023,23-05-2023,,,
1.01E+15,2008973473,10,12-04-2023,Y101,4510977325,5000,,L2Q00,01-06-2023,C2Q00004,IN,,,1022,F9341JE,YMG,5826,2008973498,10,13-04-2023,24-05-2023,,,
1.01E+15,2008973473,20,12-04-2023,Y101,4510977325,1000,,L2Q00,18-05-2023,C2Q00004,IN,,,1022,F9270BJ,YMG,5826,2008973498,20,13-04-2023,10-05-2023,18-04-2023,,Available
1.01E+15,2008973473,30,12-04-2023,Y101,4510977325,600,,L2Q00,25-05-2023,C2Q00004,IN,,,1022,F9342NJ,YMG,5826,2008973499,10,13-04-2023,17-05-2023,,,
1.01E+15,2008973473,40,12-04-2023,Y101,4510977325,180,,L2Q00,18-05-2023,C2Q00004,IN,,,1022,F9920TP,YMG,5826,2008973499,20,13-04-2023,10-05-2023,,,
1.01E+15,2008973473,50,12-04-2023,Y101,4510977325,420,,L2Q00,25-05-2023,C2Q00004,IN,,,1022,F9920LV,YMG,5826,2008973499,30,13-04-2023,17-05-2023,,,
1.01E+15,2008973473,60,12-04-2023,Y101,4510977325,60,,L2Q00,25-05-2023,C2Q00004,IN,,,1022,F9913VA,YMG,5826,2008973497,10,13-04-2023,17-05-2023,,,
1.01E+15,2008978934,10,14-04-2023,Y101,4510984229,16,,L2Q00,29-05-2023,C2Q00004,IN,,,1022,F9913AL,YMG,5826,2008979000,10,17-04-2023,19-05-2023,,,
1.01E+15,2008978934,20,14-04-2023,Y101,4510984229,16,,L2Q00,29-05-2023,C2Q00004,IN,,,1022,F9913AL,YMG,5826,2008979000,20,17-04-2023,19-05-2023,,,
1.01E+15,2008978934,30,14-04-2023,Y101,4510984229,2000,,L2Q00,05-06-2023,C2Q00004,IN,,,1022,F9341JD,YMG,5826,2008979001,10,17-04-2023,26-05-2023,,,
1.01E+15,2008978934,40,14-04-2023,Y101,4510984229,5000,,L2Q00,29-05-2023,C2Q00004,IN,,,1022,F9341JP,YMG,5826,2008979002,10,14-04-2023,19-05-2023,,,
1.01E+15,2008978934,50,14-04-2023,Y101,4510984229,600,,L2Q00,22-05-2023,C2Q00004,IN,,,1022,D0114PB,YMG,5826,2008979003,10,14-04-2023,12-05-2023,,,
1.01E+15,2008978934,60,14-04-2023,Y101,4510984229,1000,,L2Q00,29-05-2023,C2Q00004,IN,,,1022,F9341JS,YMG,5826,2008979003,20,17-04-2023,19-05-2023,,,
1.01E+15,2008978934,70,14-04-2023,Y101,4510984229,180,,L2Q00,05-06-2023,C2Q00004,IN,,,1022,F9920BN,YMG,5826,2008979000,30,17-04-2023,26-05-2023,,,
1.01E+15,2008981577,10,17-04-2023,Y101,4510987761,600,,L2Q00,16-05-2023,C2Q00004,IN,,,1022,D0114RZ,YMG,5826,2008981609,10,17-04-2023,08-05-2023,,,
1.01E+15,2008981577,20,17-04-2023,Y101,4510987761,600,,L2Q00,16-05-2023,C2Q00004,IN,,,1022,D0114RZ,YMG,5826,2008981609,20,17-04-2023,08-05-2023,,,
1.01E+15,2008981577,30,17-04-2023,Y101,4510987761,100,,L2Q00,25-05-2023,C2Q00004,IN,,,1022,F9275EG,YMG,5826,2008981613,10,17-04-2023,17-05-2023,,,
1.01E+15,2008981577,40,17-04-2023,Y101,4510987761,200,,L2Q00,06-06-2023,C2Q00004,IN,,,1022,F9300TE,YMG,5826,2008981613,20,17-04-2023,29-05-2023,,,
1.01E+15,2008981577,50,17-04-2023,Y101,4510987761,200,,L2Q00,06-06-2023,C2Q00004,IN,,,1022,F9300TE,YMG,5826,2008981613,30,17-04-2023,29-05-2023,,,
1.01E+15,2008981577,60,17-04-2023,Y101,4510987761,1200,,L2Q00,10-05-2023,C2Q00004,IN,,,1022,F9900BC,YMG,5826,2008981613,40,17-04-2023,25-04-2023,,,
1.01E+15,2008981577,70,17-04-2023,Y101,4510987761,1200,,L2Q00,12-05-2023,C2Q00004,IN,,,1022,F9900BC,YMG,5826,2008981613,50,17-04-2023,27-04-2023,,,
1.01E+15,2008981577,80,17-04-2023,Y101,4510987761,1200,,L2Q00,17-05-2023,C2Q00004,IN,,,1022,F9900BC,YMG,5826,2008981613,60,17-04-2023,09-05-2023,,,
1.01E+15,2008981577,90,17-04-2023,Y101,4510987761,100,,L2Q00,30-05-2023,C2Q00004,IN,,,1022,F9900GD,YMG,5826,2008981613,70,17-04-2023,22-05-2023,,,
1.01E+15,2008981577,100,17-04-2023,Y101,4510987761,100,,L2Q00,30-05-2023,C2Q00004,IN,,,1022,F9900GD,YMG,5826,2008981613,80,17-04-2023,22-05-2023,,,
1.01E+15,2008981577,110,17-04-2023,Y101,4510987761,32,,L2Q00,30-05-2023,C2Q00004,IN,,,1022,F9913RV,YMG,5826,2008981609,30,18-04-2023,22-05-2023,,,
1.01E+15,2008981577,120,17-04-2023,Y101,4510987761,32,,L2Q00,30-05-2023,C2Q00004,IN,,,1022,F9913RV,YMG,5826,2008981609,40,18-04-2023,22-05-2023,,,
1.01E+15,2008981577,130,17-04-2023,Y101,4510987761,60,,L2Q00,16-05-2023,C2Q00004,IN,,,1022,F9913TJ,YMG,5826,2008981609,50,18-04-2023,08-05-2023,,,
1.01E+15,2008981577,140,17-04-2023,Y101,4510987761,60,,L2Q00,30-05-2023,C2Q00004,IN,,,1022,F9913VA,YMG,5826,2008981602,10,18-04-2023,22-05-2023,,,
1.01E+15,2008981577,150,17-04-2023,Y101,4510987761,60,,L2Q00,30-05-2023,C2Q00004,IN,,,1022,F9913VA,YMG,5826,2008981602,20,18-04-2023,22-05-2023,,,
1.01E+15,2008981577,160,17-04-2023,Y101,4510987761,60,,L2Q00,30-05-2023,C2Q00004,IN,,,1022,F9913VS,YMG,5826,2008981609,60,18-04-2023,22-05-2023,,,
1.01E+15,2008981577,170,17-04-2023,Y101,4510987761,60,,L2Q00,30-05-2023,C2Q00004,IN,,,1022,F9913VS,YMG,5826,2008981609,70,18-04-2023,22-05-2023,,,
1.01E+15,2008981577,180,17-04-2023,Y101,4510987761,60,,L2Q00,30-05-2023,C2Q00004,IN,,,1022,F9913VS,YMG,5826,2008981609,80,18-04-2023,22-05-2023,,,
1.01E+15,2008981577,190,17-04-2023,Y101,4510987761,240,,L2Q00,30-05-2023,C2Q00004,IN,,,1022,F9920LV,YMG,5826,2008981609,90,18-04-2023,22-05-2023,,,
1.01E+15,2008981577,200,17-04-2023,Y101,4510987761,240,,L2Q00,30-05-2023,C2Q00004,IN,,,1022,F9920LV,YMG,5826,2008981609,100,18-04-2023,22-05-2023,,,
1.01E+15,2008981577,210,17-04-2023,Y101,4510987761,240,,L2Q00,30-05-2023,C2Q00004,IN,,,1022,F9920LV,YMG,5826,2008981609,110,18-04-2023,22-05-2023,,,
1.01E+15,2008981577,220,17-04-2023,Y101,4510987761,180,,L2Q00,23-05-2023,C2Q00004,IN,,,1022,F9920TP,YMG,5826,2008981609,120,18-04-2023,15-05-2023,,,
1.01E+15,2008981577,230,17-04-2023,Y101,4510987761,180,,L2Q00,23-05-2023,C2Q00004,IN,,,1022,F9920TP,YMG,5826,2008981609,130,18-04-2023,15-05-2023,,,
1.01E+15,2008981577,240,17-04-2023,Y101,4510987761,180,,L2Q00,23-05-2023,C2Q00004,IN,,,1022,F9920TP,YMG,5826,2008981609,140,18-04-2023,15-05-2023,,,
1.01E+15,2008981577,250,17-04-2023,Y101,4510987761,180,,L2Q00,23-05-2023,C2Q00004,IN,,,1022,F9920TP,YMG,5826,2008981609,150,18-04-2023,15-05-2023,,,
1.01E+15,2008981577,260,17-04-2023,Y101,4510987761,180,,L2Q00,26-05-2023,C2Q00004,IN,,,1022,F9920TP,YMG,5826,2008981609,160,18-04-2023,18-05-2023,,,
1.01E+15,2008981577,270,17-04-2023,Y101,4510987761,180,,L2Q00,30-05-2023,C2Q00004,IN,,,1022,F9920TP,YMG,5826,2008981609,170,18-04-2023,22-05-2023,,,
1.01E+15,2008981577,280,17-04-2023,Y101,4510987761,180,,L2Q00,02-06-2023,C2Q00004,IN,,,1022,F9920TP,YMG,5826,2008981609,180,18-04-2023,25-05-2023,,,
1.01E+15,2008981577,290,17-04-2023,Y101,4510987761,180,,L2Q00,06-06-2023,C2Q00004,IN,,,1022,F9920TP,YMG,5826,2008981609,190,18-04-2023,29-05-2023,,,
1.01E+15,2008986706,10,18-04-2023,Y101,4510993922,2000,,L2Q00,01-06-2023,C2Q00004,IN,,,1022,F9341JW,YMG,5826,2008986555,10,,24-05-2023,,,
1.01E+15,2008986706,20,18-04-2023,Y101,4510993922,63,,L2Q00,18-05-2023,C2Q00004,IN,,,1022,F9900TM,YMG,5826,2008986554,10,,10-05-2023,,,
1.01E+15,2008986706,30,18-04-2023,Y101,4510993922,180,,L2Q00,01-06-2023,C2Q00004,IN,,,1022,F9920TT,YMG,5826,2008986554,20,,24-05-2023,,,
2.01E+15,2008889522,10,07-03-2023,Y101,4510881065,20,,L2Q00,24-04-2023,C2Q00012,IN,14-04-2023,,1022,F9340SB,YMG,5826,2008889693,10,08-03-2023,14-04-2023,07-04-2023,10-04-2023,Ship Out
4.51E+15,2008008788,70,28-04-2022,Y101,4509813690,3000,,L2Q00,25-01-2023,C2Q00012,IN,,,1022,A1098JW-09,,,,,,17-01-2023,,,
4.51E+15,2008887242,10,06-03-2023,Y101,4510878008,10000,,L2Q00,05-04-2023,C2Q00004,IN,24-03-2023,,1022,S9158PB,YMG,5826,2008887281,10,06-03-2023,28-03-2023,17-03-2023,20-03-2023,Ship Out
4.51E+15,2008887242,20,06-03-2023,Y101,4510878008,5000,,L2Q00,10-04-2023,C2Q00004,IN,31-03-2023,,1022,S9083PB,YMG,5826,2008887290,10,06-03-2023,13-04-2023,24-03-2023,27-03-2023,Ship Out
4.51E+15,2008887242,30,06-03-2023,Y101,4510878008,5000,,L2Q00,23-06-2023,C2Q00004,IN,,,1022,A1116JW,YMG,5826,2008887281,20,06-03-2023,15-06-2023,,,
4.51E+15,2008887242,40,06-03-2023,Y101,4510878008,2000,,L2Q00,21-04-2023,C2Q00004,IN,14-04-2023,,1022,A1101JW,YMG,5826,2008887281,30,06-03-2023,13-04-2023,10-04-2023,10-04-2023,Ship Out
4.51E+15,2008887242,50,06-03-2023,Y101,4510878008,250,,L2Q00,31-03-2023,C2Q00004,IN,29-03-2023,,1022,T9050NY,YMG,5826,2008887281,40,06-03-2023,04-04-2023,20-03-2023,22-03-2023,Ship Out
