,PART NO.,PART NAME,Final_Qty,Year
0,F9913TA,TERMINAL COVER,17791.0,2016
1,F9910LE,O-RING,18986.0,2016
2,F9341JP,O-RING,18986.0,2016
3,F9341JS,COVER,19127.0,2016
4,F9900GZ,SCREW,69172.0,2016
5,F9900RS,NAME PLATE,18767.0,2016
6,F9900RE,TAG PLATE,19127.0,2016
7,F9900RG,TAPPING SCREW,87202.0,2016
8,F9900GC,SCREW,36688.0,2016
9,F9900GH,O-RING,18986.0,2016
10,F9300AF,PLATE,30199.0,2016
11,F9900GD,PLATE,1488.0,2016
12,F9900RJ,BOLT,19127.0,2016
13,F9920BG,AMP ASSY,76.0,2016
14,F9920TP,TERMINAL ASSY,11873.0,2016
15,F9342NJ,CONNECTOR ASSY,19126.0,2016
16,F9920LV,LCD ASSY,16624.0,2016
17,F9342MK,NUT,37544.0,2016
18,F9340SB,VENT PLUG,17918.0,2016
19,D0114PB,VENT SCREW,17927.0,2016
20,D0114RZ,PLUG,18737.0,2016
21,F9340XX,CONNECTOR,7571.0,2016
22,F9900AU,BOLT,11410.0,2016
23,D0114RB,GASKET,7873.0,2016
24,F9300TE,BRACKET ASSY,9300.0,2016
25,D0117XL-A,U-BOLT,9908.0,2016
26,F9273CZ,BOLT,39632.0,2016
27,F9913QG,CASE,11142.0,2016
28,F9910LS,TERMINAL ASSY,19127.0,2016
29,Y9308JY,SCREW,38254.0,2016
30,A1462CC,FEEDTHRU CAP,55008.0,2016
31,Y9501WL,WASHER,57381.0,2016
32,G9303NC,O-RING,18986.0,2016
33,F9270BJ,SHAFT,18344.0,2016
34,Y9812PS,PIN,19127.0,2016
35,F9270BK,COLLAR,19127.0,2016
39,F9913JA,METER COVER ASSY,17435.0,2016
40,G9330DB,PLUG RED,42152.0,2016
42,CPA110Y-NFS5J-9NNNN,CPA,912.0,2016
83,F9913MY,PLUG,1622.0,2016
97,F9900GE,PLATE,15400.0,2016
104,F9900TB,FLANGE,16339.0,2016
106,F9900EA,GASCKET,19898.0,2016
110,F9900AC,BOLT,26236.0,2016
111,F9900BC,NUT,26236.0,2016
130,CPA110Y-NHSNN-NNNNN,CPA,1089.0,2016
147,F9920LU,LCD ASSY,2148.0,2016
167,CPA110Y-NMA5G-9NNNN,CPA,25.0,2016
215,CPA110Y-NMSNN-NNNNN,CPA,6740.0,2016
248,F9913QH,CASE,6218.0,2016
263,F9900RF,NAME PLATE,4372.0,2016
279,F9920BE,AMP ASSY,17.0,2016
280,F9920TS,TERMINAL ASSY,5149.0,2016
303,F9341JW,WASHER,7149.0,2016
308,F9341JZ,CLAMP ASSY,7072.0,2016
316,F9900RP,BOLT,10860.0,2016
380,F9921AD,AMP ASSY,606.0,2016
381,F9921TC,TERMINAL ASSY,310.0,2016
391,F9900AA,BOLT,12072.0,2016
392,F9900BA,NUT,12072.0,2016
399,F9342YB,FEEDTHROUGH CAP,1950.0,2016
427,F9921TA,TERMINAL ASSY,84.0,2016
485,F9900AS,BOLT,4362.0,2016
618,F9900UB,FLANGE,31.0,2016
710,F9900TM,FLANGE,705.0,2016
749,F9921AE,AMP ASSY,44.0,2016
750,F9921VA,LPT ASSY,11.0,2016
814,CPA110Y-NLH5J-9NNNN,CPA,81.0,2016
872,F9920BQ,AMP ASSY,11850.0,2016
901,CPA110Y-NFS5G-8NNNN,CPA,1.0,2016
915,F9920BN,AMP ASSY,6533.0,2016
948,CPA110Y-NFS5G-9NNNN,CPA,161.0,2016
967,F9340SD,VENT PLUG,621.0,2016
968,F9270HE,VENT SCREW,621.0,2016
972,F9340EM,BRACKET ASSY,608.0,2016
990,CPA110Y-NFS5J-7NNNN,CPA,6.0,2016
1181,F9920VS,LPT ASSY,1401.0,2016
1241,F9913QJ,CASE,419.0,2016
1254,F9900GP,PLUG,79.0,2016
1295,CPA110Y-NFS5G-7NNNN,CPA,4.0,2016
1529,F9900SB,BRACKET ASSY,665.0,2016
1530,F9900SN,BRACKET ASSY,7217.0,2016
1531,F9900SH,BOLT,2804.0,2016
1590,F9913KS,METER COVER ASSY,138.0,2016
1807,F9913SA,COVER,783.0,2016
1814,F9900RR,TAPPING SCREW,4540.0,2016
1815,F9900RH,SCREW,1566.0,2016
1831,F9913WH,CASE,419.0,2016
1838,F9900RL,SHAFT,783.0,2016
1844,F9913JZ,METER COVER,652.0,2016
1851,F9913CA,TERMINAL COVER,123.0,2016
1875,F9913AL,CASE,117.0,2016
1884,F9913MC,SCREW,55.0,2016
1886,F9913MA,SCREW,132.0,2016
1887,F9913GA,METER COVER ASSY,123.0,2016
1948,F9275ED,VENT PLUG,959.0,2016
1968,F9275ZZ,LABEL,764.0,2016
1969,F9340ND,LABEL,800.0,2016
1970,F9203ZA,PLUG,960.0,2016
1974,F9275EF,NEEDLE ASSY,959.0,2016
1975,F9275EG,NEEDLE ASSY,959.0,2016
1976,Y9400ET,NEEDLE ASSY,959.0,2016
1977,CPA110Y-NFS5J-7NNNN/K2,CPA,1.0,2016
2018,F9913VA,COVER,421.0,2016
2032,F9920VP,LPT ASSY,53.0,2016
2042,F9913RU,CASE,136.0,2016
2054,F9913JS,METER COVER,412.0,2016
2057,F9900RM,TAG PLATE,112.0,2016
2107,CPA110Y-NFS5J-9NNNN/K2,CPA,85.0,2016
2321,F9913TJ,BLIND COVER,346.0,2016
2556,F9340WX,CONNECTOR,191.0,2016
2581,CPA110Y-NHA5J-9NNNN,CPA,4.0,2016
2625,CPA110Y-NHH5J-9NNNN,CPA,11.0,2016
2644,F9900TD,FLANGE,750.0,2016
2720,F9340NJ,LABEL,80.0,2016
2721,C1016EZ,SOLID SUB-MATERIALS,47.0,2016
3174,CPA110Y-NHSNN-NNNNN/K3,CPA,45.0,2016
3832,F9900TH,FLANGE,31.0,2016
3842,F9900SE,BRACKET ASSY,17.0,2016
4138,CPA110Y-NHSNN-NNNNN/A1,CPA,7.0,2016
4359,F9913RW,CASE,121.0,2016
4407,F9913WG,CASE,79.0,2016
4420,F9913MZ,PLUG,307.0,2016
4452,F9913AJ,CASE,15.0,2016
4462,F9913MD,CLAMP ASSY,77.0,2016
4470,F9913MB,BOLT,154.0,2016
5228,F9913RV,CASE,164.0,2016
5666,CPA110Y-NHT5J-9NNNN,CPA,2.0,2016
5710,CPA110Y-NLA5J-9NNNN,CPA,3.0,2016
5750,CPA110Y-NLH5G-9NNNN,CPA,1.0,2016
5788,CPA110Y-NLH5J-7NNNN,CPA,39.0,2016
5989,CPA110Y-NLT5J-9NNNN/K3,CPA,2.0,2016
6028,CPA110Y-NLT5J-9NNNN,CPA,1.0,2016
6068,CPA110Y-NMA5G-7NNNN,CPA,1.0,2016
6108,CPA110Y-NMA5G-8NNNN,CPA,1.0,2016
6170,F9900SD,BRACKET ASSY,36.0,2016
6230,CPA110Y-NMA5J-9NNNN,CPA,30.0,2016
6392,CPA110Y-NMD5G-9NNNN,CPA,12.0,2016
6476,CPA110Y-NMD5J-9NNNN,CPA,15.0,2016
6557,CPA110Y-NMH5J-9NNNN,CPA,1.0,2016
6576,F9900TA,FLANGE,9.0,2016
6579,F9340SA,VENT PLUG,9.0,2016
6581,F9200CS,PLUG,9.0,2016
6582,F9340XW,CONNECTOR,5.0,2016
6590,F9913QC,CASE,9.0,2016
6603,F9900GQ,PLUG,9.0,2016
6630,F9340XZ,CONNECTOR,80.0,2016
6897,CPA110Y-NMSNN-NNNNN/A1,CPA,33.0,2016
7149,CPA110Y-NMSNN-NNNNN/K3,CPA,290.0,2016
13127,F9910LZ,LABEL,3.0,2016
13307,CPA110Y-NMT5G-9NNNN,CPA,7.0,2016
13395,CPA110Y-NMT5J-9NNNN,CPA,8.0,2016
13560,CPA110Y-NVSNN-NNNNN/A1,CPA,4.0,2016
13608,CPA110Y-NVSNN-NNNNN,CPA,79.0,2016
13910,CPA110Y-NVSNN-NNNNN/K3,CPA,1.0,2016
14131,CPA110Y-NZS5J-9NNNN,CPA,7.0,2016
14189,F9900TE,FLANGE,1220.0,2016
14214,CPA430Y-NASNN-NNNNN,CPA,831.0,2016
14254,CPA430Y-NAD5G-9NNNN,CPA,1.0,2016
14296,CPA430Y-NAD5J-9NNNN,CPA,6.0,2016
14356,F9900TF,FLANGE,55.0,2016
14683,CPA430Y-NASNN-NNNNN/K3,CPA,45.0,2016
15349,F9340XU,CONNECTOR(KIDNEY),13.0,2016
15350,F9340GN,O-RING,13.0,2016
15782,CPA430Y-NAT5G-9NNNN,CPA,10.0,2016
15826,CPA430Y-NAT5G-9NNNN/K2,CPA,1.0,2016
15866,CPA430Y-NAT5J-9NNNN,CPA,6.0,2016
15997,CPA430Y-NBSNN-NNNNN,CPA,174.0,2016
16217,F9900UK,FLANGE,11.0,2016
16632,CPA430Y-NBSNN-NNNNN/K3,CPA,34.0,2016
16783,CPA430Y-NHSNN-NNNNN,CPA,174.0,2016
16885,CPA430Y-NHSNN-NNNNN/K3,CPA,26.0,2016
16968,F9913VJ,COVER,9.0,2016
17072,F9913DF,TERMINAL COVER,9.0,2016
17114,F9913GX,METER COVER ASSY,9.0,2016
17410,CPA430Y-NHT5G-9NNNN,CPA,1.0,2016
17444,F9940WF,PIPE ASSY,5823.0,2016
17445,F9900SF,BRACKET ASSY,6516.0,2016
17447,F9900SK,,6516.0,2016
17449,CPA530Y-NCS4N-0NNNN,CPA,1112.0,2016
17488,CPA530Y-NBS4N-0NNNN,CPA,2372.0,2016
17565,CPA530Y-NAS4N-0NNNN,CPA,293.0,2016
17642,G9330CB,PLUG,1951.0,2016
17643,CPA530Y-NBS8N-0NNNN,CPA,8.0,2016
17694,F9940WG,HOOK,891.0,2016
17720,F9940WJ,SCREW,891.0,2016
17721,CPA530Y-NDS4N-0NNNN,CPA,634.0,2016
17760,CPA530Y-NAH4N-0NNNN,CPA,5.0,2016
17799,CPA530Y-NAH7N-0NNNN,CPA,10.0,2016
18044,CPA530Y-NAS4N-0NNNN/A1,CPA,2.0,2016
18234,CPA530Y-NAS4N-0NNNN/T05,CPA,1.0,2016
18355,CPA530Y-NAS7N-0NNNN,CPA,106.0,2016
18514,CPA530Y-NAS7N-0NNNN/K2,CPA,49.0,2016
18929,CPA530Y-NBH4N-0NNNN,CPA,45.0,2016
19488,CPA530Y-NBS4N-0NNNN/K1,CPA,14.0,2016
19571,CPA530Y-NBS4N-0NNNN/T06,CPA,83.0,2016
19655,CPA530Y-NBS4N-0NNNN/A1,CPA,8.0,2016
19697,CPA530Y-NBS4N-0NNNN/K3,CPA,2.0,2016
19928,CPA530Y-NBS4N-0NNNN/K2,CPA,6.0,2016
20477,CPA530Y-NBS7N-0NNNN,CPA,916.0,2016
20672,CPA530Y-NBS7N-0NNNN/T06,CPA,18.0,2016
20792,CPA530Y-NBS7N-0NNNN/K2,CPA,155.0,2016
20919,CPA530Y-NBS7N-0NNNN/K2/T06,CPA,2.0,2016
21560,CPA530Y-NBSWN-0NNNN,CPA,10.0,2016
21641,CPA530Y-NCH4N-0NNNN,CPA,30.0,2016
21683,CPA530Y-NCH7N-0NNNN,CPA,34.0,2016
21804,CPA530Y-NCS4N-0NNNN/A1,CPA,8.0,2016
22047,CPA530Y-NCS4N-0NNNN/K1,CPA,1.0,2016
22399,CPA530Y-NCS4N-0NNNN/T07,CPA,94.0,2016
22435,CPA530Y-NCS7N-0NNNN,CPA,333.0,2016
22595,CPA530Y-NCS7N-0NNNN/K2,CPA,39.0,2016
23129,CPA530Y-NDS4N-0NNNN/HG,CPA,31.0,2016
23450,CPA530Y-NDS4N-0NNNN/A1,CPA,4.0,2016
23528,CPA530Y-NDS7N-0NNNN,CPA,203.0,2016
23827,F9913QA,CASE,3.0,2016
23846,CPA530Y-NDS8N-0NNNN,CPA,6.0,2016
23925,X9947QF,796A981 CAP,7.0,2016
23927,CPA530Y-NDS9N-0NNNN,CPA,2.0,2016
23964,CPA530Y-NZS4N-0NNNN,CPA,1335.0,2016
24305,CPA530Y-NZSWN-0NNNN,CPA,6.0,2016
24347,CPA110Y-NFS5G-7NNNN/T12,CPA,1.0,2016
24977,F9921VC,LPT ASSY,245.0,2016
25047,CPA110Y-NFS5G-9NNNN/T12,CPA,2.0,2016
25229,F9900GK,PLUG,162.0,2016
25231,F9900GB,O-RING,159.0,2016
25276,CPA110Y-NMA5J-7NNNN,CPA,3.0,2016
25758,F9900MK,LABEL,36.0,2016
27157,F9913WJ,CASE,285.0,2016
27175,CPA110Y-NHB5G-9NNNN/T12,CPA,14.0,2016
27240,F9340XY,CONNECTOR,4.0,2016
29805,CPA110Y-NLA5G-9NNNN,CPA,2.0,2016
29893,CPA110Y-NLD5G-9NNNN,CPA,2.0,2016
29937,CPA110Y-NLD5G-9NNNN/K3,CPA,1.0,2016
29977,CPA110Y-NLD5J-9NNNN,CPA,1.0,2016
30259,CPA110Y-NLT5G-9NNNN,CPA,1.0,2016
30429,CPA110Y-NMA5J-8NNNN,CPA,4.0,2016
30657,F9340TZ,CONNECTOR,4.0,2016
30678,CPA110Y-NMB5J-7NNNN,CPA,2.0,2016
30697,F9340TX,CONNECTOR,18.0,2016
30720,CPA110Y-NMB5G-9NNNN,CPA,8.0,2016
30801,CPA110Y-NMB5J-9NNNN,CPA,4.0,2016
30933,CPA110Y-NMD5G-9NNNN/K3,CPA,2.0,2016
34508,F9900GR,O-RING,141.0,2016
34509,F9900GS,O-RING,141.0,2016
34516,F9900GT,O-RING,141.0,2016
34539,F9913ME,FEED THROUGH CAP,423.0,2016
34542,F9900GV,O-RING,141.0,2016
34549,F9913KA,METER COVER ASSY,10.0,2016
35079,F9913KZ,METER COVER ASSY,131.0,2016
38816,CPA430Y-NAB5G-9NNNN,CPA,2.0,2016
38913,CPA430Y-NASNN-NNNNN/A1,CPA,5.0,2016
39392,F9900TY,FLANGE,3.0,2016
42498,CPA530Y-NBH7N-0NNNN,CPA,11.0,2016
42539,CPA530Y-NBH7N-0NNNN/T06,CPA,5.0,2016
43275,CPA530Y-NCS7N-0NNNN/T07,CPA,40.0,2016
43909,CPA530Y-NASWN-0NNNN,CPA,1.0,2016
47613,F9900GW,O-RING,3.0,2016
47656,CPA530Y-NBS9N-0NNNN,CPA,5.0,2016
49522,CPA530Y-NCS7N-0NNNN/A1,CPA,5.0,2016
50087,CPA530Y-NDH7N-0NNNN,CPA,11.0,2016
51037,F9920BX,AMP ASSY,1.0,2016
51038,F9920TX,TERMINAL ASSY,1.0,2016
51062,F9913TA,TERMINAL COVER,18479.0,2017
51063,F9910LE,O-RING,20556.0,2017
51064,F9341JP,O-RING,20556.0,2017
51065,F9341JS,COVER,20570.0,2017
51066,F9900GZ,SCREW,71850.0,2017
51067,F9900RS,NAME PLATE,19673.0,2017
51068,F9900RE,TAG PLATE,20570.0,2017
51069,F9900RG,TAPPING SCREW,97386.0,2017
51070,F9900GC,SCREW,39206.0,2017
51071,F9900GH,O-RING,20556.0,2017
51072,F9300AF,PLATE,32622.0,2017
51073,F9900GD,PLATE,1634.0,2017
51074,F9900RJ,BOLT,20570.0,2017
51075,F9920BG,AMP ASSY,26.0,2017
51076,F9920TP,TERMINAL ASSY,10631.0,2017
51077,F9342NJ,CONNECTOR ASSY,20570.0,2017
51078,F9920LV,LCD ASSY,17171.0,2017
51079,F9342MK,NUT,39924.0,2017
51080,F9340SD,VENT PLUG,1112.0,2017
51081,F9270HE,VENT SCREW,1119.0,2017
51082,F9340XX,CONNECTOR,8500.0,2017
51083,F9900AS,BOLT,5876.0,2017
51084,D0114RB,GASKET,8942.0,2017
51085,F9340EM,BRACKET ASSY,888.0,2017
51086,D0117XL-A,U-BOLT,10380.0,2017
51087,F9273CZ,BOLT,41520.0,2017
51088,F9913QA,CASE,5.0,2017
51089,F9910LS,TERMINAL ASSY,20570.0,2017
51090,Y9308JY,SCREW,41140.0,2017
51091,A1462CC,FEEDTHRU CAP,56631.0,2017
51092,Y9501WL,WASHER,61710.0,2017
51093,G9303NC,O-RING,20556.0,2017
51094,F9270BJ,SHAFT,19603.0,2017
51095,Y9812PS,PIN,20570.0,2017
51096,F9270BK,COLLAR,20570.0,2017
51100,F9913JA,METER COVER ASSY,17883.0,2017
51101,G9330DB,PLUG RED,44749.0,2017
51102,CPA110Y-NFS5G-7NNNN,CPA,10.0,2017
51121,F9340SB,VENT PLUG,18598.0,2017
51122,D0114PB,VENT SCREW,18608.0,2017
51123,D0114RZ,PLUG,19146.0,2017
51125,F9900AU,BOLT,11984.0,2017
51127,F9300TE,BRACKET ASSY,9492.0,2017
51130,F9913QG,CASE,9392.0,2017
51145,CPA110Y-NFS5J-9NNNN,CPA,863.0,2017
51157,F9900GE,PLATE,17377.0,2017
51159,F9920BE,AMP ASSY,63.0,2017
51160,F9920TS,TERMINAL ASSY,6580.0,2017
51164,F9900TB,FLANGE,16712.0,2017
51166,F9900EA,GASCKET,21368.0,2017
51173,F9900AA,BOLT,16032.0,2017
51174,F9900BA,NUT,16032.0,2017
51178,F9913QH,CASE,8193.0,2017
51183,F9341JW,WASHER,9785.0,2017
51188,F9341JZ,CLAMP ASSY,9752.0,2017
51194,F9900RF,NAME PLATE,5392.0,2017
51196,F9900RP,BOLT,14394.0,2017
51197,CPA110Y-NHSNN-NNNNN,CPA,1021.0,2017
51225,F9900AC,BOLT,25072.0,2017
51226,F9900BC,NUT,25072.0,2017
51243,F9913MY,PLUG,1822.0,2017
51283,F9913TJ,BLIND COVER,588.0,2017
51289,CPA110Y-NLH5G-7NNNN/T12,CPA,2.0,2017
51326,CPA110Y-NLH5J-9NNNN,CPA,15.0,2017
51343,F9900TD,FLANGE,1042.0,2017
51375,CPA110Y-NMSNN-NNNNN,CPA,6876.0,2017
51618,CPA110Y-NMT5G-7NNNN/T12,CPA,1.0,2017
51631,F9921AD,AMP ASSY,1674.0,2017
51632,F9921TC,TERMINAL ASSY,1285.0,2017
51634,F9920LU,LCD ASSY,2791.0,2017
51648,F9342YB,FEEDTHROUGH CAP,5037.0,2017
51676,F9921TA,TERMINAL ASSY,80.0,2017
51701,CPA110Y-NFS5G-9NNNN,CPA,267.0,2017
51702,F9913SA,COVER,967.0,2017
51708,F9900RR,TAPPING SCREW,5724.0,2017
51709,F9900RH,SCREW,1934.0,2017
51715,F9921VC,LPT ASSY,286.0,2017
51722,F9900SB,BRACKET ASSY,822.0,2017
51723,F9900SN,BRACKET ASSY,8194.0,2017
51724,F9900SH,BOLT,4540.0,2017
51725,F9913WJ,CASE,234.0,2017
51732,F9900RL,SHAFT,967.0,2017
51738,F9913JZ,METER COVER,941.0,2017
51739,F9900GK,PLUG,243.0,2017
51741,F9900GB,O-RING,243.0,2017
51761,F9275ED,VENT PLUG,626.0,2017
51782,F9275ZZ,LABEL,530.0,2017
51783,F9340ND,LABEL,530.0,2017
51784,F9203ZA,PLUG,628.0,2017
51787,F9275EF,NEEDLE ASSY,626.0,2017
51788,F9275EG,NEEDLE ASSY,626.0,2017
51789,Y9400ET,NEEDLE ASSY,626.0,2017
51790,CPA110Y-NFS5J-9NNNN/K2,CPA,46.0,2017
51814,F9913QJ,CASE,886.0,2017
51833,F9913VA,COVER,779.0,2017
51856,F9340XZ,CONNECTOR,32.0,2017
51864,F9913RW,CASE,184.0,2017
51877,F9913JS,METER COVER,779.0,2017
51993,F9921VA,LPT ASSY,28.0,2017
52008,F9900SD,BRACKET ASSY,311.0,2017
52027,CPA110Y-NHSNN-NNNNN/A1,CPA,14.0,2017
52211,F9913KS,METER COVER ASSY,38.0,2017
52244,F9913WH,CASE,694.0,2017
52313,CPA110Y-NHSNN-NNNNN/K3,CPA,38.0,2017
52378,F9900TM,FLANGE,810.0,2017
52387,F9913RU,CASE,199.0,2017
52551,CPA110Y-NMSNN-NNNNN/A1,CPA,99.0,2017
53317,CPA110Y-NMSNN-NNNNN/K3,CPA,183.0,2017
53638,CPA110Y-NVSNN-NNNNN,CPA,149.0,2017
53730,CPA110Y-NVSNN-NNNNN/A1,CPA,5.0,2017
53782,CPA110Y-NVSNN-NNNNN/K3,CPA,4.0,2017
53796,F9920BQ,AMP ASSY,10649.0,2017
53825,CPA110Y-NFS5G-8NNNN,CPA,1.0,2017
53912,F9340NJ,LABEL,36.0,2017
53913,C1016EZ,SOLID SUB-MATERIALS,22.0,2017
53918,CPA110Y-NFS5G-9NNNN/K1,CPA,3.0,2017
53932,F9920BN,AMP ASSY,8153.0,2017
54079,F9920VS,LPT ASSY,1636.0,2017
54151,F9913MZ,PLUG,426.0,2017
54157,F9913CA,TERMINAL COVER,336.0,2017
54184,F9913AL,CASE,336.0,2017
54193,F9913MC,SCREW,306.0,2017
54195,F9913MA,SCREW,339.0,2017
54196,F9913GA,METER COVER ASSY,336.0,2017
54223,F9900SS,BRACKET ASSY,2.0,2017
54241,CPA110Y-NFS5G-BNNNN,CPA,2.0,2017
54288,CPA110Y-NFS5G-UNNNN,CPA,10.0,2017
54328,CPA110Y-NFS5J-7NNNN,CPA,34.0,2017
54547,CPA110Y-NFS5J-9NNNN/K3,CPA,2.0,2017
55046,F9913RV,CASE,394.0,2017
55521,F9913MD,CLAMP ASSY,33.0,2017
55529,F9913MB,BOLT,66.0,2017
56357,F9340WX,CONNECTOR,232.0,2017
56378,CPA110Y-NHA5G-9NNNN,CPA,9.0,2017
56422,CPA110Y-NHA5J-9NNNN,CPA,17.0,2017
56461,F9900RM,TAG PLATE,100.0,2017
56524,F9340TX,CONNECTOR,27.0,2017
56545,CPA110Y-NHB5G-9NNNN,CPA,1.0,2017
56582,CPA110Y-NHB5J-9NNNN,CPA,1.0,2017
56619,CPA110Y-NHH5J-9NNNN,CPA,6.0,2017
56638,F9900TC,FLANGE,7.0,2017
56641,F9340SC,VENT PLUG,7.0,2017
56679,F9900TA,FLANGE,10.0,2017
56682,F9340SA,VENT PLUG,10.0,2017
56684,F9200CS,PLUG,10.0,2017
56685,F9340XW,CONNECTOR,11.0,2017
58462,F9900TH,FLANGE,84.0,2017
58472,F9900SE,BRACKET ASSY,10.0,2017
60626,F9340AZ,BOLT,32.0,2017
60646,CPA110Y-NLA5C-9NNNN,CPA,8.0,2017
60690,CPA110Y-NLA5J-9NNNN,CPA,5.0,2017
60775,CPA110Y-NLB5J-9NNNN,CPA,6.0,2017
60819,CPA110Y-NLD5G-9NNNN/K3,CPA,2.0,2017
60859,CPA110Y-NLD5G-9NNNN,CPA,2.0,2017
60899,CPA110Y-NLD5J-9NNNN,CPA,3.0,2017
60981,CPA110Y-NLH5G-8NNNN,CPA,1.0,2017
61024,CPA110Y-NLH5G-9NNNN/T12,CPA,1.0,2017
61062,CPA110Y-NLH5J-7NNNN,CPA,24.0,2017
61187,CPA110Y-NLH5G-7NNNN,CPA,4.0,2017
61224,CPA110Y-NLH5G-9NNNN,CPA,15.0,2017
61338,CPA110Y-NLT5J-9NNNN,CPA,3.0,2017
61396,F9340WZ,CONNECTOR,6.0,2017
61421,CPA110Y-NMA5G-9NNNN,CPA,43.0,2017
61461,CPA110Y-NMA5G-7NNNN,CPA,1.0,2017
61501,CPA110Y-NMA5G-8NNNN,CPA,1.0,2017
61708,CPA110Y-NMA5J-9NNNN,CPA,18.0,2017
62089,F9340TZ,CONNECTOR,6.0,2017
62110,CPA110Y-NMB5J-7NNNN,CPA,3.0,2017
62150,CPA110Y-NMB5G-9NNNN,CPA,6.0,2017
62314,CPA110Y-NMD5G-9NNNN,CPA,31.0,2017
62482,CPA110Y-NMD5J-9NNNN,CPA,2.0,2017
62507,F9913WG,CASE,39.0,2017
62644,CPA110Y-NMH5G-9NNNN,CPA,1.0,2017
62684,CPA110Y-NMH5J-9NNNN,CPA,31.0,2017
62851,CPA110Y-NMM5G-9NNNN,CPA,1.0,2017
62884,F9913QC,CASE,9.0,2017
62897,F9900GQ,PLUG,11.0,2017
64897,F9900UB,FLANGE,2.0,2017
68348,F9910LZ,LABEL,1.0,2017
69006,F9900GP,PLUG,15.0,2017
69866,F9920VP,LPT ASSY,44.0,2017
70928,CPA110Y-NMSNN-NNNNN/K3/A1,CPA,2.0,2017
71812,F9900GR,O-RING,14.0,2017
71813,F9900GS,O-RING,14.0,2017
71820,F9900GT,O-RING,14.0,2017
71843,F9913ME,FEED THROUGH CAP,42.0,2017
71846,F9900GV,O-RING,14.0,2017
71853,F9913KA,METER COVER ASSY,8.0,2017
72721,CPA110Y-NMT5G-9NNNN,CPA,31.0,2017
72763,CPA110Y-NMT5G-8NNNN,CPA,1.0,2017
72847,CPA110Y-NMT5G-9NNNN/K2,CPA,1.0,2017
73101,CPA110Y-NMT5J-9NNNN,CPA,37.0,2017
73141,CPA110Y-NMT5J-9NNNN/K3,CPA,4.0,2017
73254,F9913RQ,CASE,2.0,2017
74216,F9913DA,TERMINAL COVER,3.0,2017
74239,F9913BJ,CASE,3.0,2017
74252,F9913GS,METER COVER ASSY,3.0,2017
74256,F9340XU,CONNECTOR(KIDNEY),6.0,2017
74257,F9340GN,O-RING,6.0,2017
74685,CPA430Y-NAH5G-7NNNN/T01,CPA,2.0,2017
74705,F9900TF,FLANGE,353.0,2017
74736,CPA430Y-NASNN-NNNNN,CPA,1191.0,2017
74756,F9900TE,FLANGE,1530.0,2017
74887,CPA430Y-NBSNN-NNNNN,CPA,333.0,2017
75004,F9900TY,FLANGE,2.0,2017
75211,CPA430Y-NAT5G-7NNNN/K3,CPA,10.0,2017
75402,CPA430Y-NHSNN-NNNNN,CPA,240.0,2017
75508,F9921AE,AMP ASSY,5.0,2017
75585,CPA430Y-NAA5G-9NNNN,CPA,3.0,2017
75704,CPA430Y-NAB5G-9NNNN,CPA,7.0,2017
75741,CPA430Y-NAB5J-9NNNN,CPA,1.0,2017
75785,CPA430Y-NAD5G-9NNNN,CPA,8.0,2017
75869,CPA430Y-NAD5J-9NNNN,CPA,6.0,2017
76013,CPA430Y-NASNN-NNNNN/A1,CPA,52.0,2017
76669,CPA430Y-NASNN-NNNNN/K3,CPA,60.0,2017
78719,CPA430Y-NAT5G-9NNNN,CPA,1.0,2017
78759,CPA430Y-NAT5J-9NNNN/K3,CPA,1.0,2017
78800,CPA430Y-NBB5G-9NNNN,CPA,1.0,2017
79944,CPA430Y-NBSNN-NNNNN/A1,CPA,9.0,2017
80313,CPA430Y-NHD5J-9NNNN,CPA,2.0,2017
80975,F9913VF,COVER,6.0,2017
81017,F9913JX,METER COVER,6.0,2017
81248,CPA430Y-NHT5J-9NNNN,CPA,3.0,2017
81324,F9940WF,PIPE ASSY,7101.0,2017
81325,F9900SF,BRACKET ASSY,7059.0,2017
81327,F9900SK,,7059.0,2017
81329,CPA530Y-NAS4N-0NNNN,CPA,383.0,2017
81368,CPA530Y-NBS4N-0NNNN,CPA,2940.0,2017
81489,CPA530Y-NCS4N-0NNNN,CPA,1491.0,2017
81650,G9330CB,PLUG,2365.0,2017
81652,CPA530Y-NAS7N-0NNNN,CPA,110.0,2017
81693,CPA530Y-NBH7N-0NNNN,CPA,15.0,2017
81934,CPA530Y-NBS4N-0NNNN/T06,CPA,32.0,2017
81975,CPA530Y-NBS7N-0NNNN,CPA,1186.0,2017
82096,CPA530Y-NBS7N-0NNNN/T06,CPA,8.0,2017
82136,CPA530Y-NCH4N-0NNNN,CPA,6.0,2017
82372,CPA530Y-NCS7N-0NNNN,CPA,419.0,2017
82413,CPA530Y-NCS7N-0NNNN/A1,CPA,13.0,2017
82452,CPA530Y-NCS8N-0NNNN/T07,CPA,40.0,2017
82464,F9940WG,HOOK,843.0,2017
82491,F9940WJ,SCREW,843.0,2017
82493,CPA530Y-NDS7N-0NNNN,CPA,369.0,2017
82534,CPA530Y-NDS7N-0NNNN/A1,CPA,9.0,2017
82576,CPA530Y-NAH4N-0NNNN,CPA,11.0,2017
82618,CPA530Y-NAH7N-0NNNN,CPA,7.0,2017
82656,CPA530Y-NAH7N-0NNNN/T05,CPA,3.0,2017
83576,CPA530Y-NAS7N-0NNNN/K2,CPA,20.0,2017
83778,CPA530Y-NAS7N-0NNNN/T05,CPA,1.0,2017
83856,CPA530Y-NAS8N-0NNNN,CPA,2.0,2017
83894,CPA530Y-NASWN-0NNNN,CPA,1.0,2017
83933,CPA530Y-NBH4N-0NNNN,CPA,41.0,2017
84684,CPA530Y-NBS4N-0NNNN/K2,CPA,9.0,2017
84764,CPA530Y-NBS4N-0NNNN/K1,CPA,18.0,2017
85180,CPA530Y-NBS4N-0NNNN/K3,CPA,2.0,2017
85222,CPA530Y-NBS4N-0NNNN/A1,CPA,6.0,2017
86990,CPA530Y-NBS7N-0NNNN/K2,CPA,85.0,2017
87029,CPA530Y-NBS7N-0NNNN/A1,CPA,4.0,2017
87192,CPA530Y-NBS7N-0NNNN/K2/A1,CPA,1.0,2017
87403,CPA530Y-NBS7N-0NNNN/K1,CPA,1.0,2017
88349,CPA530Y-NBS8N-0NNNN,CPA,9.0,2017
88501,CPA530Y-NBSWN-0NNNN,CPA,12.0,2017
88731,CPA530Y-NCH7N-0NNNN,CPA,1.0,2017
88769,CPA530Y-NCH7N-0NNNN/T07,CPA,6.0,2017
88850,CPA530Y-NCS4N-0NNNN/A1,CPA,25.0,2017
89499,CPA530Y-NCS4N-0NNNN/K3,CPA,13.0,2017
89585,CPA530Y-NCS4N-0NNNN/K2,CPA,6.0,2017
90360,CPA530Y-NCS7N-0NNNN/K2,CPA,43.0,2017
91499,CPA530Y-NCS8N-0NNNN,CPA,1.0,2017
91582,CPA530Y-NDH4N-0NNNN,CPA,6.0,2017
91622,CPA530Y-NDH7N-0NNNN,CPA,9.0,2017
91661,CPA530Y-NDS4N-0NNNN,CPA,410.0,2017
91742,CPA530Y-NDS4N-0NNNN/A1,CPA,3.0,2017
92985,CPA530Y-NZH4N-0NNNN,CPA,23.0,2017
93022,CPA530Y-NZS4N-0NNNN,CPA,512.0,2017
93324,CPA530Y-NZS4N-0NNNN/T06,CPA,4.0,2017
93398,CPA530Y-NZS4N-0NNNN/K3,CPA,26.0,2017
93576,CPA530Y-NZSWN-0NNNN,CPA,9.0,2017
93844,CPA110Y-NHZ0G-9NNNN/T12,CPA,8.0,2017
93883,CPA110Y-NHZ5J-9NNNN,CPA,8.0,2017
94527,CPA110Y-NMZ0G-9NNNN/T12,CPA,16.0,2017
94566,CPA110Y-NMZ5J-9NNNN,CPA,52.0,2017
94738,CPA110Y-NFS5J-8NNNN,CPA,13.0,2017
95800,F9913SC,COVER,20.0,2017
96064,CPA110Y-NLZ5Z-9NNNN,CPA,1.0,2017
97924,F9913KZ,METER COVER ASSY,6.0,2017
99083,CPA110Y-NVZ5J-9NNNN,CPA,1.0,2017
99304,CPA430Y-NAZ0G-9NNNN/T01,CPA,36.0,2017
99343,CPA430Y-NAZ5J-9NNNN,CPA,4.0,2017
99426,CPA430Y-NBZ0G-9NNNN/T12,CPA,12.0,2017
101261,CPA430Y-NBZ5G-9NNNN,CPA,4.0,2017
102169,CPA530Y-NCS4N-0NNNN/T07,CPA,116.0,2017
102251,CPA530Y-NCZ4N-0NNNN,CPA,11.0,2017
102374,CPA530Y-NDZ4N-0NNNN,CPA,35.0,2017
102620,CPA530Y-NAS7N-0NNNN/A1,CPA,1.0,2017
104994,CPA530Y-NCS7N-0NNNN/T07,CPA,2.0,2017
105317,CPA530Y-NDS4N-0NNNN/T08,CPA,2.0,2017
105557,F9913TA,TERMINAL COVER,21805.0,2018
105558,F9910LE,O-RING,23716.0,2018
105559,F9341JP,O-RING,23716.0,2018
105560,F9341JS,COVER,23816.0,2018
105561,F9900GZ,SCREW,80721.0,2018
105562,F9900RS,NAME PLATE,22435.0,2018
105563,F9900RE,TAG PLATE,23816.0,2018
105564,F9900RG,TAPPING SCREW,119050.0,2018
105565,F9900GC,SCREW,45906.0,2018
105566,F9900GH,O-RING,23716.0,2018
105567,F9300AF,PLATE,36943.0,2018
105568,F9900GD,PLATE,1561.0,2018
105569,F9900RJ,BOLT,23816.0,2018
105570,F9920BG,AMP ASSY,101.0,2018
105571,F9920TP,TERMINAL ASSY,9943.0,2018
105572,F9342NJ,CONNECTOR ASSY,23811.0,2018
105573,F9340SA,VENT PLUG,26.0,2018
105574,D0114PB,VENT SCREW,19951.0,2018
105575,F9200CS,PLUG,26.0,2018
105576,F9300TE,BRACKET ASSY,10869.0,2018
105577,D0117XL-A,U-BOLT,11417.0,2018
105578,F9273CZ,BOLT,45668.0,2018
105579,F9913QA,CASE,2.0,2018
105580,F9910LS,TERMINAL ASSY,23816.0,2018
105581,Y9308JY,SCREW,47632.0,2018
105582,A1462CC,FEEDTHRU CAP,64152.0,2018
105583,Y9501WL,WASHER,71448.0,2018
105584,G9303NC,O-RING,23716.0,2018
105585,F9270BJ,SHAFT,22953.0,2018
105586,Y9812PS,PIN,23816.0,2018
105587,F9270BK,COLLAR,23816.0,2018
105591,F9913TJ,BLIND COVER,479.0,2018
105592,G9330DB,PLUG RED,54208.0,2018
105593,CPA110Y-NFS0J-8NNNN,CPA,1.0,2018
105607,F9920BE,AMP ASSY,25.0,2018
105608,F9920TS,TERMINAL ASSY,9793.0,2018
105610,F9920LV,LCD ASSY,20041.0,2018
105611,F9342MK,NUT,46658.0,2018
105612,F9340SB,VENT PLUG,19925.0,2018
105614,D0114RZ,PLUG,21138.0,2018
105618,F9913QH,CASE,12390.0,2018
105623,F9341JW,WASHER,13800.0,2018
105628,F9341JZ,CLAMP ASSY,13687.0,2018
105631,F9913JA,METER COVER ASSY,21241.0,2018
105634,F9900RF,NAME PLATE,6563.0,2018
105636,F9900RP,BOLT,21578.0,2018
105637,CPA110Y-NFS5G-9NNNN,CPA,199.0,2018
105662,F9913QG,CASE,8736.0,2018
105677,CPA110Y-NFS5J-9NNNN,CPA,953.0,2018
105702,F9913QJ,CASE,677.0,2018
105729,F9900GE,PLATE,20911.0,2018
105736,F9900TA,FLANGE,16.0,2018
105738,F9900EA,GASCKET,24384.0,2018
105742,F9900AA,BOLT,20020.0,2018
105743,F9900BA,NUT,20020.0,2018
105759,CPA110Y-NHSNN-NNNNN,CPA,932.0,2018
105778,F9900TD,FLANGE,486.0,2018
105781,F9340SD,VENT PLUG,385.0,2018
105782,F9270HE,VENT SCREW,385.0,2018
105783,F9340XX,CONNECTOR,9154.0,2018
105784,F9900AS,BOLT,8766.0,2018
105785,D0114RB,GASKET,9562.0,2018
105788,F9340EM,BRACKET ASSY,548.0,2018
105805,F9913MY,PLUG,1043.0,2018
105829,F9900TB,FLANGE,18414.0,2018
105937,F9900AC,BOLT,25912.0,2018
105938,F9900BC,NUT,25912.0,2018
105999,CPA110Y-NLH5G-7NNNN/T12,CPA,2.0,2018
106041,CPA110Y-NMSNN-NNNNN,CPA,7642.0,2018
106058,F9920LU,LCD ASSY,3288.0,2018
106262,F9900AU,BOLT,10384.0,2018
106539,F9900TM,FLANGE,1363.0,2018
106580,F9921AD,AMP ASSY,2306.0,2018
106581,F9921TA,TERMINAL ASSY,306.0,2018
106597,F9342YB,FEEDTHROUGH CAP,6996.0,2018
106623,F9921TC,TERMINAL ASSY,1789.0,2018
106692,F9913VA,COVER,756.0,2018
106712,F9900SB,BRACKET ASSY,978.0,2018
106713,F9900SN,BRACKET ASSY,10211.0,2018
106714,F9900SH,BOLT,4400.0,2018
106715,F9913RU,CASE,75.0,2018
106727,F9913JS,METER COVER,750.0,2018
106834,F9921VA,LPT ASSY,24.0,2018
106849,F9900SD,BRACKET ASSY,118.0,2018
106868,CPA110Y-NHSNN-NNNNN/A1,CPA,26.0,2018
106869,F9913SA,COVER,827.0,2018
106875,F9900RR,TAPPING SCREW,4838.0,2018
106876,F9900RH,SCREW,1726.0,2018
106882,F9921VC,LPT ASSY,213.0,2018
106900,F9913WH,CASE,368.0,2018
106907,F9900RL,SHAFT,863.0,2018
106913,F9913JZ,METER COVER,812.0,2018
107089,CPA110Y-NHZ5G-9NNNN,CPA,13.0,2018
107383,CPA110Y-NMSNN-NNNNN/A1,CPA,127.0,2018
108108,F9913RV,CASE,640.0,2018
108619,CPA110Y-NVSNN-NNNNN,CPA,98.0,2018
108722,F9921AE,AMP ASSY,26.0,2018
108800,F9920BQ,AMP ASSY,9941.0,2018
108808,F9340XW,CONNECTOR,22.0,2018
108829,CPA110Y-NFS0G-9NNNN,CPA,4.0,2018
108870,CPA110Y-NFS5G-7NNNN,CPA,5.0,2018
108884,F9920BN,AMP ASSY,11412.0,2018
109204,F9920VS,LPT ASSY,1644.0,2018
109374,F9913CA,TERMINAL COVER,427.0,2018
109401,F9913AL,CASE,427.0,2018
109410,F9913MC,SCREW,315.0,2018
109412,F9913MA,SCREW,428.0,2018
109413,F9913GA,METER COVER ASSY,425.0,2018
109463,CPA110Y-NFS5G-UNNNN,CPA,1.0,2018
109503,CPA110Y-NFS5J-7NNNN,CPA,4.0,2018
109548,F9900GR,O-RING,100.0,2018
109549,F9900GS,O-RING,100.0,2018
109556,F9900GT,O-RING,100.0,2018
109577,F9913ME,FEED THROUGH CAP,300.0,2018
109579,F9900GV,O-RING,100.0,2018
109586,F9913KA,METER COVER ASSY,85.0,2018
109986,F9900GP,PLUG,95.0,2018
110026,F9913MD,CLAMP ASSY,113.0,2018
110034,F9913MB,BOLT,212.0,2018
110074,CPA110Y-NFS5C-7NNNN,CPA,1.0,2018
110372,F9913MZ,PLUG,189.0,2018
110395,F9275ED,VENT PLUG,1447.0,2018
110412,F9275ZZ,LABEL,1206.0,2018
110413,F9340ND,LABEL,1206.0,2018
110414,F9203ZA,PLUG,1447.0,2018
110418,F9275EF,NEEDLE ASSY,1447.0,2018
110419,F9275EG,NEEDLE ASSY,1447.0,2018
110420,Y9400ET,NEEDLE ASSY,1447.0,2018
110421,CPA110Y-NFS5G-BNNNN/K2,CPA,1.0,2018
110441,F9900SS,BRACKET ASSY,4.0,2018
110469,CPA110Y-NFS5G-BNNNN/K2/T12,CPA,3.0,2018
110556,CPA110Y-NFS5J-8NNNN,CPA,1.0,2018
110858,CPA110Y-NFS5J-9NNNN/K2,CPA,82.0,2018
111328,F9913WG,CASE,62.0,2018
111386,CPA110Y-NFS5J-BNNNN,CPA,1.0,2018
111405,F9340WX,CONNECTOR,194.0,2018
111428,CPA110Y-NHA5G-9NNNN,CPA,2.0,2018
111472,CPA110Y-NHA5J-9NNNN,CPA,10.0,2018
111654,F9340NJ,LABEL,44.0,2018
111659,CPA110Y-NHSNN-NNNNN/K3,CPA,127.0,2018
111708,C1016EZ,SOLID SUB-MATERIALS,41.0,2018
111831,F9920VP,LPT ASSY,99.0,2018
112700,F9900TH,FLANGE,312.0,2018
112710,F9900SE,BRACKET ASSY,109.0,2018
114526,F9913RW,CASE,40.0,2018
114539,F9913VJ,COVER,6.0,2018
114542,F9340XU,CONNECTOR(KIDNEY),89.0,2018
114543,F9340GN,O-RING,89.0,2018
114720,F9913WJ,CASE,397.0,2018
115072,F9900RM,TAG PLATE,38.0,2018
116144,CPA110Y-NLA5G-9NNNN,CPA,4.0,2018
116188,CPA110Y-NLA5J-9NNNN,CPA,8.0,2018
116248,F9340TX,CONNECTOR,42.0,2018
116273,CPA110Y-NLB5J-9NNNN,CPA,5.0,2018
116317,CPA110Y-NLD5G-9NNNN,CPA,8.0,2018
116481,CPA110Y-NLH5G-8NNNN,CPA,1.0,2018
116521,CPA110Y-NLH5G-9NNNN,CPA,1.0,2018
116561,CPA110Y-NLH5J-9NNNN,CPA,14.0,2018
116690,CPA110Y-NLH5G-7NNNN,CPA,1.0,2018
116812,CPA110Y-NLT5G-9NNNN,CPA,3.0,2018
116896,CPA110Y-NMA5G-9NNNN,CPA,33.0,2018
116976,CPA110Y-NMA5J-9NNNN,CPA,31.0,2018
117168,F9340TZ,CONNECTOR,16.0,2018
117189,CPA110Y-NMB5J-7NNNN,CPA,8.0,2018
117233,CPA110Y-NMB5G-9NNNN,CPA,3.0,2018
117313,CPA110Y-NMD5G-9NNNN,CPA,29.0,2018
117525,CPA110Y-NMD5J-9NNNN,CPA,5.0,2018
117681,CPA110Y-NMH5J-9NNNN,CPA,4.0,2018
117723,CPA110Y-NMM5G-9NNNN,CPA,4.0,2018
118070,CPA110Y-NMSNN-NNNNN/K3,CPA,344.0,2018
119874,F9913CJ,BLIND COVER,2.0,2018
119903,F9900UB,FLANGE,120.0,2018
123376,F9910LZ,LABEL,8.0,2018
124374,F9900GK,PLUG,42.0,2018
124376,F9900GB,O-RING,42.0,2018
125966,CPA110Y-NMSNN-NNNNN/K3/A1,CPA,6.0,2018
128421,CPA110Y-NMT5G-8NNNN,CPA,4.0,2018
128461,CPA110Y-NMT5G-9NNNN,CPA,14.0,2018
128545,CPA110Y-NMT5G-9NNNN/K3,CPA,3.0,2018
128668,CPA110Y-NMT5J-9NNNN,CPA,25.0,2018
128737,F9913RQ,CASE,1.0,2018
128750,F9900GQ,PLUG,1.0,2018
128752,CPA110Y-NMT5J-9NNNN/K3,CPA,1.0,2018
128905,CPA110Y-NMZ5G-9NNNN,CPA,19.0,2018
128946,CPA110Y-NVB5G-9NNNN,CPA,4.0,2018
129246,CPA110Y-NVSNN-NNNNN/A1,CPA,5.0,2018
129651,CPA110Y-NVSNN-NNNNN/K3,CPA,6.0,2018
130136,F9920BX,AMP ASSY,5.0,2018
130137,F9920VY,LPT ASSY,5.0,2018
130189,F9900TF,FLANGE,81.0,2018
130218,CPA430Y-NASNN-NNNNN,CPA,1046.0,2018
130287,F9900TE,FLANGE,2041.0,2018
130414,CPA430Y-NBSNN-NNNNN,CPA,414.0,2018
130607,CPA430Y-NASNN-NNNNN/A1,CPA,143.0,2018
130964,CPA430Y-NAT5J-9NNNN/K3,CPA,8.0,2018
131246,CPA430Y-NHSNN-NNNNN,CPA,184.0,2018
131477,CPA430Y-NAB5G-9NNNN,CPA,8.0,2018
131558,CPA430Y-NAB5J-9NNNN,CPA,2.0,2018
131600,CPA430Y-NAD5G-9NNNN,CPA,6.0,2018
131684,CPA430Y-NAD5J-9NNNN,CPA,4.0,2018
131772,CPA430Y-NAH5G-9NNNN,CPA,5.0,2018
131812,CPA430Y-NAH5J-9NNNN,CPA,4.0,2018
131856,CPA430Y-NAM5G-9NNNN,CPA,1.0,2018
132008,F9913DA,TERMINAL COVER,1.0,2018
132039,F9913BL,CASE,1.0,2018
132052,F9913GS,METER COVER ASSY,1.0,2018
132362,CPA430Y-NASNN-NNNNN/K3,CPA,171.0,2018
135174,F9900TY,FLANGE,22.0,2018
135359,F9340XZ,CONNECTOR,2.0,2018
135380,CPA430Y-NAT5G-7NNNN,CPA,2.0,2018
135420,CPA430Y-NAT5G-9NNNN,CPA,6.0,2018
135502,CPA430Y-NAT5J-9NNNN,CPA,3.0,2018
135590,CPA430Y-NBH5G-9NNNN,CPA,4.0,2018
136206,CPA430Y-NBSNN-NNNNN/K3,CPA,28.0,2018
136356,CPA430Y-NBSNN-NNNNN/A1,CPA,17.0,2018
137565,CPA430Y-NBT5J-9NNNN,CPA,1.0,2018
137609,CPA430Y-NHB5G-9NNNN,CPA,8.0,2018
137692,CPA430Y-NHD5J-9NNNN,CPA,2.0,2018
137736,CPA430Y-NHH5G-9NNNN,CPA,2.0,2018
138084,CPA430Y-NHSNN-NNNNN/K3,CPA,89.0,2018
138909,CPA430Y-NHSNN-NNNNN/A1,CPA,3.0,2018
139159,CPA430Y-NHT5J-9NNNN,CPA,4.0,2018
139191,F9940WF,PIPE ASSY,9428.0,2018
139192,F9900SF,BRACKET ASSY,9111.0,2018
139194,F9900SK,,9111.0,2018
139196,CPA530Y-NBS4N-0NNNN,CPA,3792.0,2018
139274,G9330CB,PLUG,2727.0,2018
139277,CPA530Y-NBS7N-0NNNN,CPA,1589.0,2018
139353,CPA530Y-NCS4N-0NNNN,CPA,1949.0,2018
139432,CPA530Y-NCS7N-0NNNN,CPA,358.0,2018
139481,F9940WG,HOOK,872.0,2018
139507,F9940WJ,SCREW,872.0,2018
139508,CPA530Y-NDS4N-0NNNN,CPA,492.0,2018
139584,CPA530Y-NDS7N-0NNNN,CPA,197.0,2018
139660,CPA530Y-NAH7N-0NNNN,CPA,19.0,2018
139699,CPA530Y-NAS7N-0NNNN,CPA,152.0,2018
139781,CPA530Y-NBH7N-0NNNN,CPA,23.0,2018
140621,CPA530Y-NCS7N-0NNNN/A1,CPA,4.0,2018
140744,CPA530Y-NCZ7N-0NNNN,CPA,5.0,2018
140826,CPA530Y-NDS4N-0NNNN/A1,CPA,55.0,2018
140908,CPA530Y-NDS7N-0NNNN/A1,CPA,9.0,2018
141067,CPA530Y-NAS4N-0NNNN,CPA,393.0,2018
141263,CPA530Y-NAS4N-0NNNN/K1,CPA,3.0,2018
141430,CPA530Y-NAS4N-0NNNN/K3,CPA,1.0,2018
141508,CPA530Y-NAS4N-0NNNN/T05,CPA,3.0,2018
142175,CPA530Y-NAS7N-0NNNN/K2,CPA,46.0,2018
142418,CPA530Y-NAS7N-0NNNN/T05,CPA,10.0,2018
142527,F9913KS,METER COVER ASSY,16.0,2018
142581,CPA530Y-NAS7N-0NNNN/K2/T05,CPA,1.0,2018
142825,CPA530Y-NAS8N-0NNNN,CPA,1.0,2018
142863,CPA530Y-NASWN-0NNNN,CPA,2.0,2018
142902,CPA530Y-NBH4N-0NNNN,CPA,51.0,2018
143029,CPA530Y-NBH4N-0NNNN/K2,CPA,2.0,2018
143434,CPA530Y-NBS4N-0NNNN/A1,CPA,9.0,2018
143902,CPA530Y-NBS4N-0NNNN/K1,CPA,14.0,2018
143941,CPA530Y-NBS4N-0NNNN/K3,CPA,27.0,2018
144320,CPA530Y-NBS4N-0NNNN/K2,CPA,14.0,2018
144364,CPA530Y-NBS4N-0NNNN/K2/A1,CPA,1.0,2018
144490,CPA530Y-NBS4N-0NNNN/T06,CPA,26.0,2018
146533,CPA530Y-NBS7N-0NNNN/K2,CPA,131.0,2018
146913,CPA530Y-NBS7N-0NNNN/K1/T06,CPA,19.0,2018
146999,CPA530Y-NBS7N-0NNNN/T06,CPA,19.0,2018
147481,CPA530Y-NBS7N-0NNNN/K2/T06,CPA,15.0,2018
148252,CPA530Y-NBS8N-0NNNN,CPA,5.0,2018
148332,CPA530Y-NBSWN-0NNNN,CPA,12.0,2018
148444,CPA530Y-NCH4N-0NNNN,CPA,3.0,2018
148485,CPA530Y-NCH7N-0NNNN,CPA,1.0,2018
148727,CPA530Y-NCS4N-0NNNN/A1,CPA,32.0,2018
148957,CPA530Y-NCS4N-0NNNN/K2,CPA,11.0,2018
149610,CPA530Y-NCS4N-0NNNN/K3,CPA,8.0,2018
149862,CPA530Y-NCS4N-0NNNN/T07,CPA,264.0,2018
151131,CPA530Y-NCS7N-0NNNN/K2,CPA,77.0,2018
151219,CPA530Y-NCS7N-0NNNN/K2/A1,CPA,4.0,2018
151615,CPA530Y-NCS7N-0NNNN/K2/T07,CPA,3.0,2018
151972,CPA530Y-NCS7N-0NNNN/T07,CPA,2.0,2018
152051,CPA530Y-NCS8N-0NNNN/T07,CPA,23.0,2018
152773,CPA530Y-NDS4N-0NNNN/HG,CPA,2.0,2018
153165,CPA530Y-NDS4N-0NNNN/T08,CPA,86.0,2018
153581,CPA530Y-NDS7N-0NNNN/K2/A1,CPA,2.0,2018
153697,CPA530Y-NDS7N-0NNNN/K2,CPA,4.0,2018
153934,CPA530Y-NDS8N-0NNNN,CPA,1.0,2018
153971,CPA530Y-NZS4N-0NNNN,CPA,287.0,2018
154082,CPA530Y-NZS4N-0NNNN/K3,CPA,29.0,2018
154122,CPA530Y-NZS4N-0NNNN/A1,CPA,73.0,2018
154511,F9350EW,FLANGE,105.0,2018
154514,F9350ER,VENT PLUG,105.0,2018
154515,F9350KZ,VENT SCREW,105.0,2018
154516,F9350RS,PLUG,105.0,2018
154517,F9350GY,CONNECTOR,85.0,2018
154542,CPA110Y-NHLNN-NNNNN,CPA,12.0,2018
154591,CPA110Y-NHLNN-NNNNN/A1,CPA,7.0,2018
154977,CPA110Y-NMLNN-NNNNN,CPA,6.0,2018
155812,CPA110Y-NFS5J-9NNNN/T12,CPA,1.0,2018
156625,CPA110Y-NHZ5J-9NNNN,CPA,6.0,2018
156710,CPA110Y-NMH5G-9NNNN,CPA,2.0,2018
157948,F9913KZ,METER COVER ASSY,15.0,2018
158405,CPA110Y-NMZ5J-9NNNN,CPA,5.0,2018
158650,CPA430Y-NALNN-NNNNN/A1,CPA,40.0,2018
158885,CPA430Y-NAZ5J-9NNNN,CPA,7.0,2018
158934,CPA430Y-NBLNN-NNNNN/A1,CPA,15.0,2018
159218,CPA430Y-NHZ5J-9NNNN,CPA,32.0,2018
160504,CPA430Y-NBZ5J-9NNNN,CPA,1.0,2018
160627,F9900UK,FLANGE,6.0,2018
161121,CPA530Y-NBZ4N-0NNNN,CPA,13.0,2018
161323,CPA530Y-NCZ4N-0NNNN,CPA,291.0,2018
161405,CPA530Y-NDZ4N-0NNNN,CPA,17.0,2018
163802,CPA530Y-NDZ7N-0NNNN,CPA,7.0,2018
