SAP Linkage No,Sales Order No,Sales Order Item No,Model,P/O  No.,"Customer's
P/O No.","End user
Country
Code",Qty,"Estimated
FOB","YHQ
Sales
Date",Remarks,MS Code,"Acknowledgment
Ex-Uenohara","Qty
Ex-Uenohara",YMG's Note
1006373095000040,2007531691,000040,F9275ED,4509232091,4509232091,IN,50,2021/09/09,2021/11/05,,F9275ED,,,-
1006404396000070,2007564043,000070,D0117XL-A,4509271442,4509271442,IN,600,2021/11/16,2021/11/19,,D0117XL-A,,,-
1006404396000080,2007564043,000080,D0117XL-A,4509271442,4509271442,IN,600,2021/11/16,2021/11/26,,D0117XL-A,,,-
1006404396000090,2007564043,000090,D0117XL-A,4509271442,4509271442,IN,600,2021/11/16,2021/12/01,,D0117XL-A,,,-
1006410415000080,2007570111,000080,C2051FD-21,4509278528,4509278528,IN,1,2022/01/14,,,C2051FD-21,,,-
1006410416000080,2007570113,000080,F9921AE,4509278529,4509278529,IN,10,2021/11/22,2021/11/12,,F9921AE,,,-
1006455887000010,2007613407,000010,F9900TB,4509330851,4509330851,IN,2016,2021/11/03,2021/11/15,,F9900TB,,,-
1006491660000030,2007651957,000030,A1462CC,4509373735,4509373735,IN,10800,2021/11/15,2021/11/12,,A1462CC,2021/12/13,,4509376530-00010
1006510747000050,2007667025,000050,F9341JZ,4509393736,4509393736,IN,1000,2021/11/10,2021/11/05,,F9341JZ,,,-
1006532433000230,2007689514,000220,F9341JZ,4509420240,4509420240,IN,1000,2021/11/15,2021/11/12,,F9341JZ,,,-
1006554234000050,2007710212,000050,F9910LS,4509447649,4509447649,IN,1120,2021/11/15,2021/11/12,,F9910LS,,,-
1006555513000120,2007711642,000120,F9273CZ,4509449294,4509449294,IN,3000,2021/12/23,,,F9273CZ,2021/12/17,,4509627470-00010
1006565451000070,2007722253,000070,F9299ZZ,4509461935,4509461935,IN,5,2021/12/13,2021/12/08,,F9299ZZ,,,-
1006581409000090,2007737883,000010,F9920LU,4509480012,4509480012,IN,60,2021/11/15,2021/11/10,,F9920LU,,,-
1006587704000020,2007744053,000020,F9920BN,4509487355,4509487355,IN,180,2021/11/10,2021/11/10,,F9920BN,,,-
1006590396000050,2007746479,000050,F9275ED,4509489725,4509489725,IN,50,2021/10/25,2021/11/17,,F9275ED,,,-
1006590397000040,2007746478,000040,F9913TS,4509489726,4509489726,IN,180,2021/11/11,2021/11/15,,F9913TS,,,-
1006590397000050,2007746478,000050,F9913TS,4509489726,4509489726,IN,180,2021/11/11,2021/11/15,,F9913TS,,,-
1006590397000060,2007746478,000060,F9913TS,4509489726,4509489726,IN,180,2021/11/11,2021/11/15,,F9913TS,,,-
1006590397000070,2007746478,000070,F9913TS,4509489726,4509489726,IN,180,2021/11/12,2021/11/15,,F9913TS,,,-
1006590397000080,2007746478,000080,F9913TS,4509489726,4509489726,IN,180,2021/11/12,2021/11/15,,F9913TS,,,-
1006590397000090,2007746478,000090,F9913TS,4509489726,4509489726,IN,180,2021/11/12,2021/11/15,,F9913TS,,,-
1006590397000100,2007746478,000100,F9913TS,4509489726,4509489726,IN,180,2021/11/25,2021/11/25,,F9913TS,,,-
1006590397000110,2007746478,000110,F9913TS,4509489726,4509489726,IN,180,2021/11/25,2021/11/25,,F9913TS,,,-
1006590397000120,2007746478,000120,F9913TS,4509489726,4509489726,IN,180,2021/11/25,2021/11/25,,F9913TS,,,-
1006590397000130,2007746478,000130,F9913TS,4509489726,4509489726,IN,180,2021/11/25,2021/11/25,,F9913TS,,,-
1006590397000140,2007746478,000140,F9913TS,4509489726,4509489726,IN,180,2021/11/25,2021/11/25,,F9913TS,,,-
1006590397000150,2007746478,000150,F9913TA,4509489726,4509489726,IN,180,2021/11/12,2021/11/15,,F9913TA,,,-
1006590397000160,2007746478,000160,F9913TA,4509489726,4509489726,IN,180,2021/11/12,2021/11/15,,F9913TA,,,-
1006590397000170,2007746478,000170,F9913TA,4509489726,4509489726,IN,180,2021/11/12,2021/11/15,,F9913TA,,,-
1006590397000180,2007746478,000180,F9913TA,4509489726,4509489726,IN,180,2021/11/18,2021/11/25,,F9913TA,,,-
1006590397000190,2007746478,000190,F9913TA,4509489726,4509489726,IN,180,2021/11/18,2021/11/25,,F9913TA,,,-
1006590397000200,2007746478,000200,F9913TA,4509489726,4509489726,IN,180,2021/11/18,2021/11/25,,F9913TA,,,-
1006590397000210,2007746478,000210,F9913TA,4509489726,4509489726,IN,180,2021/11/18,2021/11/25,,F9913TA,,,-
1006590397000220,2007746478,000220,F9913TA,4509489726,4509489726,IN,180,2021/11/18,2021/11/25,,F9913TA,,,-
1006590397000230,2007746478,000230,F9913TA,4509489726,4509489726,IN,180,2021/11/25,2021/12/03,,F9913TA,,,-
1006590397000240,2007746478,000240,F9913TA,4509489726,4509489726,IN,180,2021/11/25,2021/12/03,,F9913TA,,,-
1006590397000250,2007746478,000250,F9913TA,4509489726,4509489726,IN,180,2021/11/25,2021/12/03,,F9913TA,,,-
1006596882000110,2007753203,000110,F9910LS,4509497368,4509497368,IN,1120,2021/11/25,2021/11/19,,F9910LS,,,-
1006599810000010,2007757004,000010,F9920BN,4509502145,4509502145,IN,180,2021/11/12,2021/11/12,,F9920BN,,,-
1006599810000020,2007757004,000020,F9940WG,4509502145,4509502145,IN,100,2021/11/12,2021/11/05,,F9940WG,2021/11/04,100,4509513129-00010
1006599810000070,2007757004,000070,F9921AH,4509502145,4509502145,IN,72,2021/11/12,2021/11/05,,F9921AH,,,-
1006599810000080,2007757004,000080,F9920LU,4509502145,4509502145,IN,60,2021/11/12,2021/11/12,,F9920LU,,,-
1006608174000020,2007767905,000020,F9342MK,4509513634,4509513634,IN,10000,2021/12/13,2021/12/10,,F9342MK,2021/12/12,,4509515060-00010
1006608174000030,2007767905,000030,F9920LV,4509513634,4509513634,IN,240,2021/11/09,2021/11/05,,F9920LV,,,-
1006608174000050,2007767905,000050,F9920BQ,4509513634,4509513634,IN,180,2021/11/16,2021/11/12,,F9920BQ,,,-
1006608174000060,2007767905,000060,F9920TS,4509513634,4509513634,IN,180,2021/11/09,2021/11/05,,F9920TS,,,-
1006608174000070,2007767905,000070,F9920BN,4509513634,4509513634,IN,180,2021/11/16,2021/11/12,,F9920BN,,,-
1006608174000080,2007767905,000080,F9920LV,4509513634,4509513634,IN,240,2021/11/15,2021/11/10,,F9920LV,,,-
1006610743000020,2007767904,000020,F9920LV,4509513635,4509513635,IN,240,2021/11/15,2021/11/10,,F9920LV,,,-
1006610743000050,2007767904,000050,F9920BQ,4509513635,4509513635,IN,180,2021/11/16,2021/11/17,,F9920BQ,,,-
1006610743000060,2007767904,000060,F9920BQ,4509513635,4509513635,IN,180,2021/11/16,2021/11/17,,F9920BQ,,,-
1006621316000010,2007778127,000010,F9920BN,4509525714,4509525714,IN,180,2021/11/19,2021/11/17,,F9920BN,,,-
1006621316000020,2007778127,000020,F9900GE,4509525714,4509525714,IN,1000,2021/11/12,2021/11/10,,F9900GE,,,-
1006621316000030,2007778127,000030,F9920TS,4509525714,4509525714,IN,180,2021/11/12,2021/11/10,,F9920TS,,,-
1006621316000040,2007778127,000040,F9340EM,4509525714,4509525714,IN,16,2021/11/15,2021/11/10,,F9340EM,,,-
1006621317000020,2007778170,000020,F9340SB,4509525734,4509525734,IN,700,2021/11/19,2021/11/19,,F9340SB,,,-
1006621317000040,2007778230,000010,F9920LU,4509525761,4509525761,IN,60,2021/11/19,2021/11/19,,F9920LU,,,-
1006621318000010,2007778190,000010,F9921AH,4509525667,4509525667,IN,72,2021/11/19,2021/11/17,,F9921AH,,,-
1006621318000020,2007778190,000020,F9921TG,4509525667,4509525667,IN,90,2021/11/12,2021/11/10,,F9921TG,,,-
1006621318000030,2007778231,000010,F9920LU,4509525762,4509525762,IN,60,2021/11/19,2021/11/19,,F9920LU,,,-
1006621318000040,2007778190,000030,F9273CZ,4509525667,4509525667,IN,4000,2021/11/11,2021/11/10,,F9273CZ,2021/11/12,,4509526873-00010
1006621318000050,2007778190,000040,F9900RF,4509525667,4509525667,IN,1000,2021/11/11,2021/11/10,,F9900RF,,,-
1006621318000060,2007778190,000050,F9900RE,4509525667,4509525667,IN,1000,2021/11/11,2021/11/10,,F9900RE,,,-
1006621318000070,2007778190,000060,F9900RS,4509525667,4509525667,IN,1000,2021/11/11,2021/11/10,,F9900RS,,,-
1006622878000010,2007779920,000010,F9920LV,4509527664,4509527664,IN,240,2021/11/15,2021/11/12,,F9920LV,,,-
1006622878000020,2007779920,000020,F9920TS,4509527664,4509527664,IN,180,2021/11/15,2021/11/12,,F9920TS,,,-
1006622878000040,2007779920,000040,F9910LS,4509527664,4509527664,IN,1120,2021/11/30,2021/11/26,,F9910LS,,,-
1006622878000050,2007779920,000050,F9900EA,4509527664,4509527664,IN,6000,2021/11/18,2021/11/17,,F9900EA,2021/11/18,6000,4509532051-00010
1006622878000060,2007779920,000060,F9900TM,4509527664,4509527664,IN,96,2021/11/30,2021/11/19,,F9900TM,,,-
1006622878000070,2007779920,000070,F9920BQ,4509527664,4509527664,IN,180,2021/11/22,2021/11/19,,F9920BQ,,,-
1006622878000080,2007779920,000080,F9920TP,4509527664,4509527664,IN,180,2021/12/23,,,F9920TP,,,-
1006627704000060,2007785087,000050,F9920BQ,4509534448,4509534448,IN,180,2021/12/06,2021/12/01,,F9920BQ,,,-
1006627704000080,2007787374,000010,F9920LU,4509537139,4509537139,IN,60,2021/11/25,2021/11/19,,F9920LU,,,-
1006629470000060,2007786790,000060,F9900TM,4509536596,4509536596,IN,96,2021/12/02,2021/11/26,,F9900TM,,,-
1006629895000020,2007787375,000020,F9900GD,4509537450,4509537450,IN,100,2021/11/17,2021/11/05,,F9900GD,,,-
1006629895000030,2007787375,000030,F9340EM,4509537450,4509537450,IN,16,2021/11/25,2021/11/19,,F9340EM,,,-
1006629895000040,2007787375,000040,F9920TP,4509537450,4509537450,IN,180,2021/12/10,,,F9920TP,,,-
1006629895000060,2007787375,000060,F9900SH,4509537450,4509537450,IN,1000,2021/11/17,2021/11/05,,F9900SH,,,-
1006629895000070,2007787375,000070,A1462CC,4509537450,4509537450,IN,10800,2021/11/17,2021/11/12,,A1462CC,,,-
1006629895000080,2007787375,000080,F9940WF,4509537450,4509537450,IN,1000,2021/11/16,2021/11/12,,F9940WF,,,-
1006632979000020,2007790314,000020,F9921AH,4509541264,4509541264,IN,72,2021/11/26,2021/11/19,,F9921AH,,,-
1006632979000030,2007790314,000030,F9900AA,4509541264,4509541264,IN,1000,2021/12/06,2021/12/03,,F9900AA,2021/12/16,,4509545431-00010
1006632979000040,2007790314,000040,F9920LV,4509541264,4509541264,IN,240,2021/11/18,2021/11/19,,F9920LV,,,-
1006632979000060,2007790314,000060,F9920TP,4509541264,4509541264,IN,180,2021/12/14,,,F9920TP,,,-
1006632979000070,2007790314,000070,F9900SF,4509541264,4509541264,IN,210,2021/11/16,2021/11/12,,F9900SF,,,-
1006632979000080,2007790314,000080,F9900RH,4509541264,4509541264,IN,3000,2021/11/12,2021/11/05,,F9900RH,2021/11/07,,4509548946-00010
1006633302000010,2007790696,000010,F9300TE,4509541688,4509541688,IN,700,2021/12/02,2021/12/03,,F9300TE,,,-
1006633302000020,2007790696,000020,F9300TE,4509541688,4509541688,IN,700,2021/12/02,2021/12/03,,F9300TE,,,-
1006633302000050,2007790696,000050,F9340XX,4509541688,4509541688,IN,392,2021/11/25,2021/12/03,,F9340XX,,,-
1006633302000060,2007790696,000060,F9900SF,4509541688,4509541688,IN,840,2021/11/17,2021/11/25,,F9900SF,,,-
1006633302000100,2007790696,000100,F9273CZ,4509541688,4509541688,IN,1000,2021/11/25,2021/12/03,,F9273CZ,2021/11/18,,4509548947-00010
1006633302000110,2007790696,000110,F9900TM,4509541688,4509541688,IN,144,2021/11/19,2021/11/15,,F9900TM,,,-
1006633302000120,2007790696,000120,F9900TM,4509541688,4509541688,IN,144,2021/11/29,2021/11/25,,F9900TM,,,-
1006633302000130,2007790696,000130,F9900TM,4509541688,4509541688,IN,144,2021/12/06,2021/12/03,,F9900TM,,,-
1006633302000140,2007790696,000140,F9900TM,4509541688,4509541688,IN,144,2021/12/10,,,F9900TM,,,-
1006633302000150,2007790696,000150,F9900TM,4509541688,4509541688,IN,144,2021/12/17,,,F9900TM,,,-
1006633302000160,2007790696,000160,F9900TM,4509541688,4509541688,IN,144,2021/12/24,,,F9900TM,,,-
1006633302000170,2007790696,000170,F9900TM,4509541688,4509541688,IN,144,2021/12/16,,,F9900TM,,,-
1006633302000180,2007790696,000180,F9900TM,4509541688,4509541688,IN,144,2022/01/14,,,F9900TM,,,-
1006637518000020,2007794851,000020,F9341JQ,4509546834,4509546834,IN,1000,2021/11/29,2021/11/17,,F9341JQ,,,-
1006637518000030,2007794851,000030,F9920LV,4509546834,4509546834,IN,240,2021/11/19,2021/11/19,,F9920LV,,,-
1006659388000010,2007818121,000010,F9921TG,4509575564,4509575564,IN,90,2021/12/01,2021/11/19,,F9921TG,,,-
1006659388000030,2007818121,000020,F9900RL,4509575564,4509575564,IN,500,2021/11/24,2021/11/17,,F9900RL,2021/11/19,,4509584319-00010
1006659388000040,2007818121,000030,F9341JA,4509575564,4509575564,IN,3000,2021/11/26,2021/11/24,,F9341JA,,,-
1006659388000050,2007818121,000040,F9341JD,4509575564,4509575564,IN,2000,2021/11/26,2021/11/24,,F9341JD,,,-
1006659388000060,2007818121,000050,G9303NC,4509575564,4509575564,IN,1000,2021/11/26,2021/11/24,,G9303NC,,,-
1006659388000070,2007818121,000060,F9342NJ,4509575564,4509575564,IN,600,2021/11/18,2021/11/12,,F9342NJ,,,-
1006659388000080,2007818121,000070,F9920LU,4509575564,4509575564,IN,60,2021/12/08,2021/12/01,,F9920LU,,,-
1006659798000010,2007817322,000010,F9921AH,4509576059,4509576059,IN,72,2021/12/08,2021/12/03,,F9921AH,,,-
1006659798000020,2007817322,000020,F9921AH,4509576059,4509576059,IN,72,2021/12/08,2021/12/03,,F9921AH,,,-
1006659798000030,2007817322,000030,F9921AH,4509576059,4509576059,IN,72,2021/12/08,2021/12/03,,F9921AH,,,-
1006659798000040,2007817322,000040,F9921AH,4509576059,4509576059,IN,72,2021/12/08,2021/12/03,,F9921AH,,,-
1006659798000050,2007817322,000050,F9921AH,4509576059,4509576059,IN,72,2021/12/10,2021/12/08,,F9921AH,,,-
1006659798000060,2007817322,000060,F9921AH,4509576059,4509576059,IN,72,2021/12/08,2021/12/03,,F9921AH,,,-
1006659798000070,2007817322,000070,F9921AH,4509576059,4509576059,IN,72,2021/12/10,2021/12/08,,F9921AH,,,-
1006659798000080,2007817322,000080,F9921AH,4509576059,4509576059,IN,72,2021/12/10,2021/12/08,,F9921AH,,,-
1006659798000090,2007817322,000090,F9921AH,4509576059,4509576059,IN,72,2021/12/10,2021/12/08,,F9921AH,,,-
1006659798000100,2007817322,000100,F9921AH,4509576059,4509576059,IN,72,2021/12/20,2021/12/08,,F9921AH,,,-
1006659798000110,2007817322,000110,F9921AH,4509576059,4509576059,IN,72,2021/12/20,2021/12/08,,F9921AH,,,-
1006659798000120,2007817322,000120,F9921AH,4509576059,4509576059,IN,72,2021/12/20,2021/12/08,,F9921AH,,,-
1006659798000130,2007817322,000130,F9921VG,4509576059,4509576059,IN,90,2021/12/13,2021/12/03,,F9921VG,,,-
1006659798000140,2007817322,000140,F9921VG,4509576059,4509576059,IN,90,2021/12/01,2021/11/26,,F9921VG,,,-
1006659798000150,2007817322,000150,F9921VG,4509576059,4509576059,IN,90,2021/12/01,2021/11/26,,F9921VG,,,-
1006659798000160,2007817322,000160,F9921VG,4509576059,4509576059,IN,90,2021/12/01,2021/11/26,,F9921VG,,,-
1006659798000170,2007817322,000170,F9921VG,4509576059,4509576059,IN,90,2021/12/01,2021/11/26,,F9921VG,,,-
1006659798000180,2007817322,000180,F9921VG,4509576059,4509576059,IN,90,2021/12/06,2021/12/01,,F9921VG,,,-
1006659798000190,2007817322,000190,F9921VG,4509576059,4509576059,IN,90,2021/12/06,2021/12/01,,F9921VG,,,-
1006659798000200,2007817322,000200,F9921VG,4509576059,4509576059,IN,90,2021/12/13,2021/12/03,,F9921VG,,,-
1006659798000210,2007817322,000210,F9921VG,4509576059,4509576059,IN,90,2021/12/06,2021/12/01,,F9921VG,,,-
1006659798000360,2007817322,000220,F9920VS,4509576059,4509576059,IN,90,2021/12/13,,,F9920VS,,,-
1006659798000370,2007817322,000230,F9920VS,4509576059,4509576059,IN,90,2021/12/13,,,F9920VS,,,-
1006659798000380,2007817322,000240,F9920VS,4509576059,4509576059,IN,90,2021/12/13,,,F9920VS,,,-
1006659798000390,2007817322,000250,F9920VS,4509576059,4509576059,IN,90,2021/12/13,,,F9920VS,,,-
1006659798000400,2007817322,000260,F9920VS,4509576059,4509576059,IN,90,2021/12/13,,,F9920VS,,,-
1006659798000410,2007817322,000270,F9920VS,4509576059,4509576059,IN,90,2021/12/13,,,F9920VS,,,-
1006659798000420,2007817322,000280,F9920LU,4509576059,4509576059,IN,60,2021/12/10,2021/12/08,,F9920LU,,,-
1006659798000430,2007817322,000290,F9920LU,4509576059,4509576059,IN,60,2021/12/10,2021/12/08,,F9920LU,,,-
1006659798000440,2007817322,000300,F9920LU,4509576059,4509576059,IN,60,2021/12/10,2021/12/08,,F9920LU,,,-
1006659798000450,2007817322,000310,F9920LU,4509576059,4509576059,IN,60,2021/12/10,2021/12/08,,F9920LU,,,-
1006659798000460,2007817322,000320,F9920LU,4509576059,4509576059,IN,60,2021/12/10,2021/12/08,,F9920LU,,,-
1006659798000470,2007817322,000330,F9920LU,4509576059,4509576059,IN,60,2021/12/08,2021/12/03,,F9920LU,,,-
1006659798000480,2007817322,000340,F9920LU,4509576059,4509576059,IN,60,2021/12/08,2021/12/03,,F9920LU,,,-
1006659798000490,2007817322,000350,F9920LU,4509576059,4509576059,IN,60,2021/12/08,2021/12/03,,F9920LU,,,-
1006659798000500,2007817322,000360,F9920LU,4509576059,4509576059,IN,60,2021/12/08,2021/12/03,,F9920LU,,,-
1006659798000510,2007817322,000370,F9920LU,4509576059,4509576059,IN,60,2021/12/08,2021/12/03,,F9920LU,,,-
1006659798000520,2007817322,000380,F9920LU,4509576059,4509576059,IN,60,2021/12/08,2021/12/03,,F9920LU,,,-
1006659798000530,2007817322,000390,F9920LU,4509576059,4509576059,IN,60,2021/12/08,2021/12/03,,F9920LU,,,-
1006659798000540,2007817322,000400,F9920LU,4509576059,4509576059,IN,60,2021/12/10,2021/12/08,,F9920LU,,,-
1006659798000550,2007817322,000410,F9920LU,4509576059,4509576059,IN,60,2021/12/10,2021/12/08,,F9920LU,,,-
1006660991000010,2007818521,000010,F9340XX,4509577388,4509577388,IN,168,2021/11/18,2021/11/12,,F9340XX,,,-
1006660991000020,2007818521,000020,F9270BJ,4509577388,4509577388,IN,1000,2021/11/16,2021/11/12,,F9270BJ,,,-
1006660991000030,2007818521,000030,F9920BQ,4509577388,4509577388,IN,180,2021/12/20,2021/12/08,,F9920BQ,,,-
1006660991000040,2007818521,000040,F9920TP,4509577388,4509577388,IN,180,2021/12/14,,,F9920TP,,,-
1006660991000050,2007818521,000050,F9940WG,4509577388,4509577388,IN,100,2021/11/26,2021/11/24,,F9940WG,2021/11/22,100,4509583179-00010
1006660991000060,2007818521,000060,F9920TS,4509577388,4509577388,IN,180,2021/12/14,2021/12/10,,F9920TS,,,-
1006660991000070,2007818521,000070,F9920BN,4509577388,4509577388,IN,180,2021/12/20,2021/12/08,,F9920BN,,,-
1006662951000010,2007820208,000010,F9341JS,4509579618,4509579618,IN,1000,2021/11/22,2021/11/17,,F9341JS,,,-
1006662951000020,2007820208,000020,F9900AU,4509579618,4509579618,IN,300,2021/11/18,2021/11/17,,F9900AU,,,-
1006662951000030,2007820208,000030,C2001EC-11,4509579618,4509579618,IN,2,2021/11/18,2021/11/17,,C2001EC-11,,,-
1006662951000040,2007820208,000040,F9299ZZ,4509579618,4509579618,IN,5,2022/02/10,,,F9299ZZ,,,-
1006662951000050,2007820208,000050,C2051FD-21,4509579618,4509579618,IN,1,2021/12/16,,,C2051FD-21,2021/12/18,,4509643505-00010
1006662951000060,2007820208,000060,F9341JX,4509579618,4509579618,IN,10,2021/12/02,2021/11/26,,F9341JX,2021/11/25,,4509583302-00010
1006662951000070,2007820208,000070,F9920BN,4509579618,4509579618,IN,180,2021/12/09,2021/12/08,,F9920BN,,,-
1006662951000080,2007820208,000080,F9920TS,4509579618,4509579618,IN,180,2021/12/09,2021/12/03,,F9920TS,,,-
1006664816000010,2007821998,000010,F9275EG,4509582117,4509582117,IN,50,2021/11/18,2021/11/17,,F9275EG,,,-
1006664816000020,2007821998,000020,F9275ED,4509582117,4509582117,IN,50,2021/11/22,2021/11/12,,F9275ED,,,-
1006664816000030,2007821998,000030,F9275EG,4509582117,4509582117,IN,50,2021/11/18,2021/11/17,,F9275EG,,,-
1006664816000040,2007821998,000040,F9900RE,4509582117,4509582117,IN,1000,2021/12/09,2021/12/03,,F9900RE,,,-
1006664816000050,2007821998,000050,F9900AS,4509582117,4509582117,IN,200,2021/11/16,2021/11/10,,F9900AS,,,-
1006664816000060,2007821998,000060,F9920BQ,4509582117,4509582117,IN,180,2021/12/09,2021/12/08,,F9920BQ,,,-
1006664816000070,2007821998,000070,F9920BN,4509582117,4509582117,IN,180,2021/12/09,2021/12/08,,F9920BN,,,-
1006664816000080,2007821998,000080,F9920LV,4509582117,4509582117,IN,240,2021/12/02,2021/12/01,,F9920LV,,,-
1006664816000090,2007821998,000090,F9275ZZ,4509582117,4509582117,IN,50,2021/12/02,2021/11/19,,F9275ZZ,,,-
1006664816000100,2007821998,000100,F9900GD,4509582117,4509582117,IN,100,2021/12/02,2021/11/19,,F9900GD,,,-
1006664816000110,2007821998,000110,G9303NC,4509582117,4509582117,IN,100,2021/11/29,2021/11/24,,G9303NC,,,-
1006666252000010,2007823613,000010,F9920TP,4509584036,4509584036,IN,180,2021/12/13,,,F9920TP,,,-
1006666252000020,2007823613,000020,F9342NJ,4509584036,4509584036,IN,600,2021/11/18,2021/11/12,,F9342NJ,,,-
1006666252000030,2007823613,000030,F9900RS,4509584036,4509584036,IN,1000,2021/11/29,2021/11/24,,F9900RS,,,-
1006666252000040,2007823613,000040,F9900AC,4509584036,4509584036,IN,1200,2021/11/24,2021/11/19,,F9900AC,,,-
1006666252000050,2007823613,000050,F9900BC,4509584036,4509584036,IN,1200,2021/11/16,2021/11/10,,F9900BC,,,-
1006670174000010,2007827873,000010,F9900RE,4509588666,4509588666,IN,1000,2021/12/13,2021/12/01,,F9900RE,,,-
1006670174000020,2007827873,000020,F9900SF,4509588666,4509588666,IN,210,2021/12/13,2021/12/01,,F9900SF,,,-
1006670174000030,2007827873,000030,F9273CZ,4509588666,4509588666,IN,1000,2021/12/13,2021/12/01,,F9273CZ,2021/12/04,,4509591986-00010
1006670174000040,2007827873,000040,F9920VS,4509588666,4509588666,IN,90,2021/12/20,,,F9920VS,,,-
1006670174000050,2007827873,000050,F9900AC,4509588666,4509588666,IN,1200,2021/11/25,2021/11/19,,F9900AC,,,-
1006670174000060,2007827873,000060,F9913QH,4509588666,4509588666,IN,704,2021/11/16,2021/11/10,,F9913QH,,,-
1006670174000070,2007827873,000070,F9900BC,4509588666,4509588666,IN,1200,2021/11/16,2021/11/10,,F9900BC,,,-
1006670174000080,2007827873,000080,F9900TE,4509588666,4509588666,IN,42,2021/11/16,2021/11/10,,F9900TE,,,-
1006670176000010,2007827871,000010,F9900TB,4509588667,4509588667,IN,2016,2021/12/29,,,F9900TB,,,-
1006673179000010,2007830954,000010,F9900AC,4509592013,4509592013,IN,1200,2021/12/02,2021/11/26,,F9900AC,,,-
1006673179000020,2007830954,000020,F9900BC,4509592013,4509592013,IN,1200,2021/11/19,2021/11/10,,F9900BC,,,-
1006673179000030,2007830954,000030,F9340SB,4509592013,4509592013,IN,700,2021/12/14,,,F9340SB,,,-
1006673179000040,2007830954,000040,F9920LV,4509592013,4509592013,IN,240,2021/12/07,2021/12/03,,F9920LV,,,-
1006673179000050,2007830954,000050,F9920BN,4509592013,4509592013,IN,180,2021/12/14,,,F9920BN,,,-
1006673179000060,2007830954,000060,D0114RB,4509592013,4509592013,IN,1000,2021/12/07,2021/11/26,,D0114RB,2021/11/25,1000,4509596519-00010
1006673179000070,2007830954,000070,F9920TP,4509592013,4509592013,IN,180,2021/12/13,,,F9920TP,,,-
1006673179000080,2007830954,000080,F9920BQ,4509592013,4509592013,IN,180,2021/12/14,,,F9920BQ,,,-
1006676808000010,2007834720,000010,F9340EM,4509596366,4509596366,IN,16,2021/12/03,2021/12/01,,F9340EM,,,-
1006676808000020,2007834720,000020,F9340EM,4509596366,4509596366,IN,16,2021/12/03,2021/12/01,,F9340EM,,,-
1006676808000030,2007834720,000030,F9340EM,4509596366,4509596366,IN,16,2021/12/03,2021/12/01,,F9340EM,,,-
1006676808000040,2007834720,000040,F9340EM,4509596366,4509596366,IN,16,2021/12/03,2021/12/01,,F9340EM,,,-
1006676808000050,2007834720,000050,F9340EM,4509596366,4509596366,IN,16,2021/12/03,2021/12/01,,F9340EM,,,-
1006676808000060,2007834720,000060,F9340EM,4509596366,4509596366,IN,16,2021/12/03,2021/12/01,,F9340EM,,,-
1006676808000070,2007834720,000070,F9340EM,4509596366,4509596366,IN,16,2021/12/03,2021/12/01,,F9340EM,,,-
1006676808000080,2007834720,000080,F9340EM,4509596366,4509596366,IN,16,2021/12/03,2021/12/01,,F9340EM,,,-
1006676808000090,2007834720,000090,F9340EM,4509596366,4509596366,IN,16,2021/12/03,2021/12/01,,F9340EM,,,-
1006676808000100,2007834720,000100,F9340EM,4509596366,4509596366,IN,16,2021/12/03,2021/12/01,,F9340EM,,,-
1006676808000110,2007834720,000110,F9340EM,4509596366,4509596366,IN,16,2021/12/03,2021/12/01,,F9340EM,,,-
1006676808000120,2007834720,000120,F9340EM,4509596366,4509596366,IN,16,2021/12/03,2021/12/01,,F9340EM,,,-
1006676808000130,2007834720,000130,F9920TS,4509596366,4509596366,IN,180,2021/12/08,2021/12/03,,F9920TS,,,-
1006676808000140,2007834720,000140,F9920BN,4509596366,4509596366,IN,180,2021/12/15,,,F9920BN,,,-
1006676808000150,2007834720,000150,F9920BQ,4509596366,4509596366,IN,180,2021/12/15,,,F9920BQ,,,-
1006676808000160,2007834720,000160,F9920BQ,4509596366,4509596366,IN,180,2021/12/15,,,F9920BQ,,,-
1006676808000170,2007834720,000170,F9920TP,4509596366,4509596366,IN,180,2021/12/14,,,F9920TP,,,-
1006676808000180,2007834720,000180,F9920TP,4509596366,4509596366,IN,180,2021/12/14,,,F9920TP,,,-
1006676808000190,2007834720,000190,F9342NJ,4509596366,4509596366,IN,600,2021/11/24,2021/11/17,,F9342NJ,,,-
1006676808000200,2007834720,000200,G9303NC,4509596366,4509596366,IN,1000,2021/12/07,2021/12/01,,G9303NC,,,-
1006676808000210,2007834720,000210,G9303NC,4509596366,4509596366,IN,1000,2021/12/07,2021/12/01,,G9303NC,,,-
1006676808000220,2007834720,000220,F9270BK,4509596366,4509596366,IN,2000,2021/11/25,2021/11/19,,F9270BK,2021/11/22,2000,4509600859-00010
1006676808000230,2007834720,000230,F9913QJ,4509596366,4509596366,IN,16,2021/11/24,2021/11/12,,F9913QJ,,,-
1006676808000240,2007834720,000240,F9913QJ,4509596366,4509596366,IN,16,2021/11/24,2021/11/12,,F9913QJ,,,-
1006676808000250,2007834720,000250,F9900TD,4509596366,4509596366,IN,21,2021/11/24,2021/11/12,,F9900TD,,,-
1006676808000260,2007834720,000260,F9900RF,4509596366,4509596366,IN,1000,2021/12/07,2021/12/01,,F9900RF,,,-
1006676808000270,2007834720,000270,F9900RS,4509596366,4509596366,IN,1000,2021/12/15,2021/12/03,,F9900RS,,,-
1006676808000280,2007834720,000280,F9910LS,4509596366,4509596366,IN,1120,2021/11/30,2021/11/26,,F9910LS,,,-
1006679642000010,2007837465,000010,F9903BD,4509599285,4509599285,IN,600,2021/12/02,2021/11/26,,F9903BD,,,-
1006679642000020,2007837465,000020,F9903BD,4509599285,4509599285,IN,600,2021/12/20,2021/12/10,,F9903BD,,,-
1006679642000030,2007837465,000030,F9903CM,4509599285,4509599285,IN,600,2021/12/02,2021/11/26,,F9903CM,,,-
1006679642000040,2007837465,000040,F9903CM,4509599285,4509599285,IN,600,2021/12/15,2021/12/10,,F9903CM,,,-
1006679642000050,2007837465,000050,F9903CZ,4509599285,4509599285,IN,600,2021/12/02,2021/11/26,,F9903CZ,,,-
1006679642000060,2007837465,000060,F9903CZ,4509599285,4509599285,IN,600,2021/12/15,2021/12/10,,F9903CZ,,,-
1006700028000010,2007856716,000010,F9270BJ,4509623364,4509623364,IN,1000,2021/11/30,2021/11/26,,F9270BJ,,,-
1006700028000020,2007856716,000020,F9270BJ,4509623364,4509623364,IN,1000,2021/11/30,2021/11/26,,F9270BJ,,,-
1006700028000030,2007856716,000030,F9900AU,4509623364,4509623364,IN,300,2021/12/09,2021/12/03,,F9900AU,,,-
1006700028000040,2007856716,000040,F9920TP,4509623364,4509623364,IN,180,2021/12/09,,,F9920TP,,,-
1006700028000050,2007856716,000050,F9920LV,4509623364,4509623364,IN,240,2021/12/16,,,F9920LV,,,-
1006700028000060,2007856716,000060,F9920TS,4509623364,4509623364,IN,180,2021/12/16,,,F9920TS,,,-
1006700028000070,2007856716,000070,F9900GD,4509623364,4509623364,IN,100,2021/12/16,2021/12/10,,F9900GD,,,-
1006700028000080,2007856716,000080,F9341JQ,4509623364,4509623364,IN,1000,2021/12/10,2021/12/08,,F9341JQ,,,-
1006700028000090,2007856716,000090,D0114RZ,4509623364,4509623364,IN,600,2021/12/02,2021/11/24,,D0114RZ,,,-
1006700028000100,2007856716,000100,F9900RE,4509623364,4509623364,IN,1000,2021/12/07,2021/12/03,,F9900RE,,,-
1006700028000110,2007856716,000110,D0114PB,4509623364,4509623364,IN,600,2021/12/09,2021/12/10,,D0114PB,,,-
1006700028000120,2007856716,000120,F9275EF,4509623364,4509623364,IN,50,2021/12/01,2021/11/26,,F9275EF,,,-
1006700029000010,2007856715,000010,D0114PB,4509623365,4509623365,IN,600,2021/12/09,2021/12/08,,D0114PB,,,-
1006700029000020,2007856715,000020,F9341JS,4509623365,4509623365,IN,1000,2021/12/09,2021/12/03,,F9341JS,,,-
1006700029000030,2007856715,000030,F9341JZ,4509623365,4509623365,IN,1000,2022/02/10,,,F9341JZ,,,-
1006700029000040,2007856715,000040,F9900GE,4509623365,4509623365,IN,1000,2021/12/16,2021/12/10,,F9900GE,,,-
1006700029000050,2007856715,000050,F9900GE,4509623365,4509623365,IN,1000,2021/12/16,2021/12/10,,F9900GE,,,-
1006700029000060,2007856715,000060,F9900RG,4509623365,4509623365,IN,6000,2021/11/26,2021/11/19,,F9900RG,,,-
1006700029000070,2007856715,000070,F9900RG,4509623365,4509623365,IN,6000,2021/11/26,2021/11/19,,F9900RG,,,-
1006700029000080,2007856715,000080,F9920LV,4509623365,4509623365,IN,240,2021/12/16,,,F9920LV,,,-
1006703767000010,2007860497,000010,F9900RJ,4509627684,4509627684,IN,4000,2021/12/07,2021/11/26,,F9900RJ,2021/11/28,,4509632900-00010
1006703767000020,2007860497,000020,F9921AH,4509627684,4509627684,IN,72,2021/12/24,,,F9921AH,,,-
1006703767000030,2007860497,000030,F9921TG,4509627684,4509627684,IN,90,2021/12/17,,,F9921TG,,,-
1006703767000040,2007860497,000040,F9920LV,4509627684,4509627684,IN,240,2021/12/17,,,F9920LV,,,-
1006703767000050,2007860497,000050,F9202SJ,4509627684,4509627684,IN,1,2021/12/24,,,F9202SJ,,,-
1006703770000010,2007860534,000010,F9300AF,4509627654,4509627654,IN,1000,2021/12/10,,,F9300AF,,,4509692910-00010
1006703770000020,2007860534,000020,F9300AF,4509627654,4509627654,IN,1000,2021/12/10,,,F9300AF,,,4509692911-00010
1006703770000030,2007860534,000030,F9300AF,4509627654,4509627654,IN,1000,2021/12/10,,,F9300AF,,,4509692912-00010
1006703770000040,2007860534,000040,F9300AF,4509627654,4509627654,IN,1000,2021/12/10,,,F9300AF,,,4509692913-00010
1006703770000050,2007860534,000050,F9300AF,4509627654,4509627654,IN,1000,2021/12/10,,,F9300AF,,,4509692914-00010
1006707660000010,2007863655,000010,F9900BC,4509631952,4509631952,IN,1200,2021/12/01,2021/11/19,,F9900BC,,,-
1006707660000020,2007863655,000020,F9900BC,4509631952,4509631952,IN,1200,2021/12/01,2021/11/19,,F9900BC,,,-
1006707660000030,2007863655,000030,F9900BC,4509631952,4509631952,IN,1200,2021/12/01,2021/11/19,,F9900BC,,,-
1006707660000040,2007863655,000040,F9900AU,4509631952,4509631952,IN,300,2021/12/10,2021/12/03,,F9900AU,,,-
1006707660000050,2007863655,000050,F9900AU,4509631952,4509631952,IN,300,2021/12/10,2021/12/03,,F9900AU,,,-
1006707660000060,2007863655,000060,F9900AU,4509631952,4509631952,IN,300,2021/12/10,2021/12/03,,F9900AU,,,-
1006707660000070,2007863655,000070,F9900AU,4509631952,4509631952,IN,300,2021/12/10,2021/12/03,,F9900AU,,,-
1006707660000080,2007863655,000080,F9900AU,4509631952,4509631952,IN,300,2021/12/10,2021/12/03,,F9900AU,,,-
1006707660000090,2007863655,000090,F9900AU,4509631952,4509631952,IN,300,2021/12/10,2021/12/03,,F9900AU,,,-
1006707660000100,2007863655,000100,F9900AC,4509631952,4509631952,IN,1200,2021/12/09,2021/12/03,,F9900AC,,,-
1006707660000110,2007863655,000110,F9900AC,4509631952,4509631952,IN,1200,2021/12/10,2021/12/08,,F9900AC,,,-
1006707660000120,2007863655,000120,F9900AC,4509631952,4509631952,IN,1200,2021/12/10,2021/12/08,,F9900AC,,,-
1006707660000130,2007863655,000130,G9330DB,4509631952,4509631952,IN,10000,2021/12/16,,,G9330DB,2021/12/17,,4509635840-00010
1006707660000140,2007863655,000140,F9900RJ,4509631952,4509631952,IN,4000,2021/12/08,2021/11/26,,F9900RJ,2021/11/28,,4509635842-00010
1006707660000150,2007863655,000150,F9341JS,4509631952,4509631952,IN,1000,2021/12/15,2021/12/10,,F9341JS,,,-
1006707660000160,2007863655,000160,F9341JS,4509631952,4509631952,IN,1000,2021/12/15,2021/12/10,,F9341JS,,,-
1006707660000170,2007863655,000170,D0114RZ,4509631952,4509631952,IN,600,2021/12/06,2021/12/03,,D0114RZ,,,-
1006707660000180,2007863655,000180,D0114RZ,4509631952,4509631952,IN,600,2021/12/06,2021/12/03,,D0114RZ,,,-
1006707660000190,2007863655,000190,D0114RZ,4509631952,4509631952,IN,600,2021/12/06,2021/12/08,,D0114RZ,,,-
1006707660000200,2007863655,000200,F9900GE,4509631952,4509631952,IN,1000,2021/12/20,,,F9900GE,,,-
1006707660000210,2007863655,000210,F9900GE,4509631952,4509631952,IN,1000,2021/12/20,,,F9900GE,,,-
1006707660000220,2007863655,000220,F9920LV,4509631952,4509631952,IN,240,2021/12/20,,,F9920LV,,,-
1006707660000230,2007863655,000230,F9920LV,4509631952,4509631952,IN,240,2021/12/20,,,F9920LV,,,-
1006707660000240,2007863655,000240,F9920LV,4509631952,4509631952,IN,240,2021/12/20,,,F9920LV,,,-
1006707660000250,2007863655,000250,F9341JQ,4509631952,4509631952,IN,1000,2021/12/14,2021/12/10,,F9341JQ,,,-
1006707660000260,2007863655,000260,F9341JQ,4509631952,4509631952,IN,1000,2021/12/14,2021/12/10,,F9341JQ,,,-
1006707660000270,2007863655,000270,F9300AF,4509631952,4509631952,IN,1000,2021/12/13,,,F9300AF,,,4509692916-00010
1006707660000280,2007863655,000280,F9300AF,4509631952,4509631952,IN,1000,2021/12/13,,,F9300AF,,,4509692917-00010
1006707660000290,2007863655,000290,F9270BJ,4509631952,4509631952,IN,1000,2021/12/13,2021/12/03,,F9270BJ,,,-
1006707660000300,2007863655,000300,F9270BJ,4509631952,4509631952,IN,1000,2021/12/13,2021/12/03,,F9270BJ,,,-
1006707660000310,2007863655,000310,F9341JP,4509631952,4509631952,IN,5000,2021/12/20,,,F9341JP,,,-
1006707660000320,2007863655,000320,F9913TS,4509631952,4509631952,IN,300,2021/12/01,2021/11/26,,F9913TS,,,-
1006707660000330,2007863655,000330,F9913TS,4509631952,4509631952,IN,300,2021/12/01,2021/11/26,,F9913TS,,,-
1006707660000340,2007863655,000340,D0117XL-A,4509631952,4509631952,IN,600,2021/12/20,,,D0117XL-A,,,4509717839-00010
1006707660000350,2007863655,000350,D0114PB,4509631952,4509631952,IN,600,2021/12/13,,,D0114PB,,,-
1006707660000360,2007863655,000360,F9910LE,4509631952,4509631952,IN,5000,2021/12/13,2021/12/03,,F9910LE,2021/12/02,,4509635843-00010
1006707660000370,2007863655,000370,F9920BQ,4509631952,4509631952,IN,180,2021/12/27,,,F9920BQ,,,-
1006707660000380,2007863655,000380,F9913SA,4509631952,4509631952,IN,24,2021/12/06,2021/12/03,,F9913SA,,,-
1006707660000390,2007863655,000390,F9920TP,4509631952,4509631952,IN,180,2021/12/13,,,F9920TP,,,-
1006707660000400,2007863655,000400,F9340WX,4509631952,4509631952,IN,10,2022/01/07,,,F9340WX,,,-
1006707660000410,2007863655,000410,F9145YN,4509631952,4509631952,IN,5,2021/12/20,,,F9145YN,,,-
1006711009000010,2007867199,000010,F9300AF,4509636444,4509636444,IN,1400,2021/11/24,2021/11/19,,F9300AF,,,-
1006711314000010,2007867547,000010,F9940WG,4509636785,4509636785,IN,100,2021/12/28,,,F9940WG,,,4509639188-00010
1006711314000020,2007867547,000020,F9920VS,4509636785,4509636785,IN,90,2021/12/21,,,F9920VS,,,-
1006711314000030,2007867547,000030,F9273CZ,4509636785,4509636785,IN,1700,2021/12/28,,,F9273CZ,,,-
1006711314000040,2007867547,000040,F9900RG,4509636785,4509636785,IN,6000,2021/11/29,2021/11/24,,F9900RG,,,-
1006711314000050,2007867547,000050,F9340SB,4509636785,4509636785,IN,700,2021/12/28,,,F9340SB,,,-
1006711314000060,2007867547,000060,F9900AA,4509636785,4509636785,IN,1000,2021/12/15,2021/12/10,,F9900AA,2022/01/24,,4509639189-00010
1006711314000070,2007867547,000070,F9910LS,4509636785,4509636785,IN,1120,2021/12/17,,,F9910LS,,,-
1006711314000080,2007867547,000080,F9910LS,4509636785,4509636785,IN,1120,2022/02/01,,,F9910LS,,,-
1006711314000090,2007867547,000090,F9342NJ,4509636785,4509636785,IN,600,2021/12/21,2021/12/10,,F9342NJ,,,-
1006711314000100,2007867547,000100,F9920LV,4509636785,4509636785,IN,240,2021/12/21,,,F9920LV,,,-
1006711314000110,2007867547,000110,F9275ZZ,4509636785,4509636785,IN,50,2021/12/21,2021/12/10,,F9275ZZ,,,-
1006716127000010,2007874879,000010,F9300TE,4509642515,4509642515,IN,300,2022/01/05,,,F9300TE,,,-
1006716127000020,2007874879,000020,F9900TE,4509642515,4509642515,IN,63,2021/12/03,2021/11/26,,F9900TE,,,-
1006716127000030,2007874879,000030,Y9308JY,4509642515,4509642515,IN,10000,2021/12/16,,,Y9308JY,2021/12/17,,4509651386-00010
1006716127000040,2007874879,000040,D0114PB,4509642515,4509642515,IN,600,2021/12/16,,,D0114PB,,,-
1006716127000050,2007874879,000050,D0114RZ,4509642515,4509642515,IN,600,2021/12/09,2021/12/08,,D0114RZ,,,-
1006716127000060,2007874879,000060,F9900GH,4509642515,4509642515,IN,3000,2021/12/16,2021/12/10,,F9900GH,2021/12/12,,4509651387-00010
1006716127000070,2007874879,000070,G9303NC,4509642515,4509642515,IN,1000,2022/01/05,,,G9303NC,,,-
1006716127000080,2007874879,000080,F9900BC,4509642515,4509642515,IN,1200,2021/12/03,2021/11/26,,F9900BC,,,-
1006716127000090,2007874879,000090,F9900AC,4509642515,4509642515,IN,1200,2021/12/14,2021/12/08,,F9900AC,,,-
1006716127000100,2007874879,000100,F9341JD,4509642515,4509642515,IN,2000,2022/01/05,,,F9341JD,,,-
1006716127000110,2007874879,000110,F9900AU,4509642515,4509642515,IN,300,2021/12/14,2021/12/08,,F9900AU,,,-
1006716127000120,2007874879,000120,F9900AU,4509642515,4509642515,IN,300,2021/12/14,2021/12/08,,F9900AU,,,-
1006716127000130,2007874879,000130,F9920BQ,4509642515,4509642515,IN,180,2022/01/05,,,F9920BQ,,,-
1006716127000140,2007874879,000140,F9920BQ,4509642515,4509642515,IN,180,2022/01/05,,,F9920BQ,,,-
1006716127000150,2007874879,000150,F9920BQ,4509642515,4509642515,IN,180,2022/01/05,,,F9920BQ,,,-
1006716127000160,2007874879,000160,F9340XX,4509642515,4509642515,IN,336,2021/12/10,2021/12/08,,F9340XX,,,-
1006716127000170,2007874879,000170,F9913TS,4509642515,4509642515,IN,300,2021/12/14,2021/12/08,,F9913TS,,,-
1006716127000180,2007874879,000180,F9913TS,4509642515,4509642515,IN,300,2021/12/14,2021/12/08,,F9913TS,,,-
1006716127000190,2007874879,000190,D0117XL-A,4509642515,4509642515,IN,600,2021/12/23,,,D0117XL-A,,,4509717951-00010
1006716127000200,2007874879,000200,F9920LV,4509642515,4509642515,IN,240,2021/12/10,2021/12/08,,F9920LV,,,-
1006716127000210,2007874879,000210,F9920LV,4509642515,4509642515,IN,240,2021/12/10,2021/12/08,,F9920LV,,,-
1006716127000220,2007874879,000220,F9900SN,4509642515,4509642515,IN,800,2021/12/16,,,F9900SN,,,4509651388-00010
1006716127000230,2007874879,000230,F9921TF,4509642515,4509642515,IN,90,2021/12/23,,,F9921TF,,,-
1006716127000240,2007874879,000240,F9921TF,4509642515,4509642515,IN,90,2021/12/23,,,F9921TF,,,-
1006716127000250,2007874879,000250,F9921TF,4509642515,4509642515,IN,90,2021/12/23,,,F9921TF,,,-
1006716127000260,2007874879,000260,F9921AH,4509642515,4509642515,IN,72,2022/01/05,,,F9921AH,,,-
1006716127000270,2007874879,000270,F9921AH,4509642515,4509642515,IN,72,2022/01/05,,,F9921AH,,,-
1006716127000280,2007874879,000280,F9921AH,4509642515,4509642515,IN,72,2022/01/05,,,F9921AH,,,-
1006716127000310,2007874879,000310,F9920TP,4509642515,4509642515,IN,180,2021/12/16,,,F9920TP,,,-
1006716127000320,2007874879,000320,F9900AS,4509642515,4509642515,IN,200,2021/12/09,2021/12/03,,F9900AS,,,-
1006716127000330,2007874879,000330,F9913SE,4509642515,4509642515,IN,60,2021/12/23,,,F9913SE,,,-
1006716127000340,2007874879,000340,F9920LU,4509642515,4509642515,IN,60,2022/01/06,,,F9920LU,,,-
1006716127000350,2007874879,000350,F9920LU,4509642515,4509642515,IN,60,2022/01/06,,,F9920LU,,,-
1006716127000360,2007874879,000360,F9920LU,4509642515,4509642515,IN,60,2022/01/06,,,F9920LU,,,-
1006716128000010,2007871834,000010,F9300TE,4509642496,4509642496,IN,1000,2022/01/11,,,F9300TE,,,-
1006716128000020,2007871834,000020,F9900TE,4509642496,4509642496,IN,105,2021/12/08,,,F9900TE,,,-
1006716128000030,2007871834,000030,F9340XX,4509642496,4509642496,IN,1232,2021/12/14,,,F9340XX,,,-
1006716128000050,2007871834,000050,F9273CZ,4509642496,4509642496,IN,5000,2022/01/11,,,F9273CZ,2021/12/23,,4509643534-00010
1006716128000060,2007871834,000060,F9900SN,4509642496,4509642496,IN,800,2021/12/08,,,F9900SN,,,-
1006716128000070,2007871834,000070,D0117XL-A,4509642496,4509642496,IN,1800,2021/12/28,,,D0117XL-A,,,4509717950-00010
1006716128000080,2007871834,000080,F9900TB,4509642496,4509642496,IN,2016,2022/01/19,,,F9900TB,,,-
1006716128000090,2007871834,000090,F9900SF,4509642496,4509642496,IN,840,2022/01/31,,,F9900SF,,,-
1006719415000010,2007874909,000010,F9900RG,4509646095,4509646095,IN,6000,2021/11/30,2021/11/26,,F9900RG,,,-
1006719415000020,2007874909,000020,Y9501WL,4509646095,4509646095,IN,20000,2021/12/09,2021/12/03,,Y9501WL,,,-
1006719415000030,2007874909,000030,F9342MK,4509646095,4509646095,IN,10000,2022/01/05,,,F9342MK,,,-
1006719415000040,2007874909,000040,G9303NC,4509646095,4509646095,IN,1000,2021/12/17,,,G9303NC,,,-
1006719415000050,2007874909,000050,G9303NC,4509646095,4509646095,IN,1000,2021/12/17,,,G9303NC,,,-
1006719415000060,2007874909,000060,F9340SB,4509646095,4509646095,IN,700,2022/01/05,,,F9340SB,,,-
1006719415000070,2007874909,000070,F9900EA,4509646095,4509646095,IN,6000,2022/01/13,,,F9900EA,,,4509651389-00010
1006719415000080,2007874909,000080,F9342YB,4509646095,4509646095,IN,3600,2022/02/03,,,F9342YB,,,4509651420-00010
1006719415000090,2007874909,000090,F9920LU,4509646095,4509646095,IN,60,2022/01/05,,,F9920LU,,,-
1006719415000100,2007874909,000100,F9920LU,4509646095,4509646095,IN,60,2022/01/05,,,F9920LU,,,-
1006719415000110,2007874909,000110,F9920LU,4509646095,4509646095,IN,60,2022/01/05,,,F9920LU,,,-
1006719415000120,2007874909,000120,F9920LU,4509646095,4509646095,IN,60,2022/01/05,,,F9920LU,,,-
1006719415000130,2007874909,000130,F9920LU,4509646095,4509646095,IN,60,2022/01/05,,,F9920LU,,,-
1006719415000140,2007874909,000140,F9920LU,4509646095,4509646095,IN,60,2022/01/05,,,F9920LU,,,-
1006719415000150,2007874909,000150,F9921AH,4509646095,4509646095,IN,72,2022/01/05,,,F9921AH,,,-
1006719415000160,2007874909,000160,F9921AH,4509646095,4509646095,IN,72,2022/01/05,,,F9921AH,,,-
1006719415000170,2007874909,000170,F9921AH,4509646095,4509646095,IN,72,2022/01/05,,,F9921AH,,,-
1006719415000180,2007874909,000180,F9921AH,4509646095,4509646095,IN,72,2022/01/05,,,F9921AH,,,-
1006719415000190,2007874909,000190,F9921AH,4509646095,4509646095,IN,72,2022/01/05,,,F9921AH,,,-
1006719415000200,2007874909,000200,F9921AH,4509646095,4509646095,IN,72,2022/01/05,,,F9921AH,,,-
1006719415000210,2007874909,000210,F9921AH,4509646095,4509646095,IN,72,2022/01/05,,,F9921AH,,,-
1006719415000220,2007874909,000220,F9921TG,4509646095,4509646095,IN,90,2021/12/23,,,F9921TG,,,-
1006719415000230,2007874909,000230,F9921TG,4509646095,4509646095,IN,90,2021/12/23,,,F9921TG,,,-
1006719415000240,2007874909,000240,F9900GD,4509646095,4509646095,IN,100,2021/12/23,,,F9900GD,,,-
1006719415000250,2007874909,000250,F9900GD,4509646095,4509646095,IN,100,2021/12/23,,,F9900GD,,,-
1006719415000260,2007874909,000260,F9903CZ,4509646095,4509646095,IN,50,2021/12/16,2021/12/10,,F9903CZ,,,-
1006719415000270,2007874909,000270,F9903BD,4509646095,4509646095,IN,50,2021/12/16,2021/12/10,,F9903BD,,,-
1006719415000280,2007874909,000280,F9903CM,4509646095,4509646095,IN,50,2021/12/16,2021/12/10,,F9903CM,,,-
1006721594000010,2007877023,000010,F9913QG,4509648367,4509648367,IN,656,2021/12/13,,,F9913QG,,,-
1006721594000020,2007877023,000020,F9913QG,4509648367,4509648367,IN,656,2021/12/13,,,F9913QG,,,-
1006721594000030,2007877023,000030,F9913QH,4509648367,4509648367,IN,656,2021/12/13,,,F9913QH,,,-
1006721594000040,2007877023,000040,F9913QH,4509648367,4509648367,IN,656,2021/12/13,,,F9913QH,,,-
1006721594000090,2007877023,000090,F9913TS,4509648367,4509648367,IN,180,2021/12/17,,,F9913TS,,,-
1006721594000100,2007877023,000100,F9913TS,4509648367,4509648367,IN,180,2021/12/17,,,F9913TS,,,-
1006721594000110,2007877023,000110,F9913TS,4509648367,4509648367,IN,180,2021/12/17,,,F9913TS,,,-
1006721594000120,2007877023,000120,F9913TS,4509648367,4509648367,IN,180,2021/12/17,,,F9913TS,,,-
1006721594000130,2007877023,000130,F9913TS,4509648367,4509648367,IN,180,2021/12/27,,,F9913TS,,,-
1006721594000140,2007877023,000140,F9913TS,4509648367,4509648367,IN,180,2021/12/27,,,F9913TS,,,-
1006721594000150,2007877023,000150,F9913TS,4509648367,4509648367,IN,180,2021/12/27,,,F9913TS,,,-
1006721594000160,2007877023,000160,F9913TS,4509648367,4509648367,IN,180,2022/01/07,,,F9913TS,,,-
1006721594000170,2007877023,000170,F9913TS,4509648367,4509648367,IN,180,2022/01/07,,,F9913TS,,,-
1006721594000180,2007877023,000180,F9913TS,4509648367,4509648367,IN,180,2022/01/07,,,F9913TS,,,-
1006721594000190,2007877023,000190,F9913TS,4509648367,4509648367,IN,180,2022/01/07,,,F9913TS,,,-
1006721594000200,2007877023,000200,F9913TS,4509648367,4509648367,IN,180,2022/01/07,,,F9913TS,,,-
1006721594000210,2007877023,000210,F9913TS,4509648367,4509648367,IN,180,2022/01/07,,,F9913TS,,,-
1006721594000220,2007877023,000220,F9913TS,4509648367,4509648367,IN,180,2022/01/07,,,F9913TS,,,-
1006721594000230,2007877023,000230,F9913TA,4509648367,4509648367,IN,180,2022/01/07,,,F9913TA,,,-
1006721594000240,2007877023,000240,F9913TA,4509648367,4509648367,IN,180,2022/01/07,,,F9913TA,,,-
1006721594000250,2007877023,000250,F9913TA,4509648367,4509648367,IN,180,2022/01/07,,,F9913TA,,,-
1006721594000260,2007877023,000260,F9913TA,4509648367,4509648367,IN,180,2022/01/07,,,F9913TA,,,-
1006721594000270,2007877023,000270,F9913TA,4509648367,4509648367,IN,180,2022/01/07,,,F9913TA,,,-
1006721594000280,2007877023,000280,F9913TA,4509648367,4509648367,IN,180,2022/01/07,,,F9913TA,,,-
1006721594000290,2007877023,000290,F9913TA,4509648367,4509648367,IN,180,2022/01/07,,,F9913TA,,,-
1006721594000300,2007877023,000300,F9913TA,4509648367,4509648367,IN,180,2022/01/11,,,F9913TA,,,-
1006721594000310,2007877023,000310,F9913TA,4509648367,4509648367,IN,180,2022/01/11,,,F9913TA,,,-
1006721594000320,2007877023,000320,F9913TA,4509648367,4509648367,IN,180,2022/01/11,,,F9913TA,,,-
1006721594000330,2007877023,000330,F9913TA,4509648367,4509648367,IN,180,2022/01/11,,,F9913TA,,,-
1006721594000340,2007877023,000340,F9913TA,4509648367,4509648367,IN,180,2022/01/11,,,F9913TA,,,-
1006721594000350,2007877023,000350,F9913TA,4509648367,4509648367,IN,180,2022/01/11,,,F9913TA,,,-
1006721594000360,2007877023,000360,F9913TA,4509648367,4509648367,IN,180,2022/01/11,,,F9913TA,,,-
1006726029000010,2007881303,000010,F9920BN,4509653115,4509653115,IN,180,2022/01/07,,,F9920BN,,,-
1006726029000020,2007881303,000020,F9900AA,4509653115,4509653115,IN,1000,2022/02/07,,,F9900AA,2022/01/29,,4509660278-00010
1006726029000030,2007881303,000030,F9900AA,4509653115,4509653115,IN,1000,2022/02/07,,,F9900AA,2022/01/29,,4509660279-00010
1006726029000040,2007881303,000040,F9920TS,4509653115,4509653115,IN,180,2021/12/27,,,F9920TS,,,-
1006735508000010,2007894603,000010,F9300TE,4509663214,4509663214,IN,300,2022/01/13,,,F9300TE,,,-
1006735508000020,2007894603,000020,F9900AS,4509663214,4509663214,IN,200,2021/12/14,2021/12/08,,F9900AS,,,-
1006735508000030,2007894603,000030,F9900AS,4509663214,4509663214,IN,200,2021/12/15,2021/12/10,,F9900AS,,,-
1006735508000040,2007894603,000040,F9300AF,4509663214,4509663214,IN,1000,2021/12/23,,,F9300AF,,,4509692918-00010
1006735508000050,2007894603,000050,F9940WF,4509663214,4509663214,IN,1000,2022/01/13,,,F9940WF,,,-
1006735508000060,2007894603,000060,F9273CZ,4509663214,4509663214,IN,1000,2022/01/13,,,F9273CZ,,,-
1006735508000070,2007894603,000070,F9940WF,4509663214,4509663214,IN,1000,2022/01/13,,,F9940WF,,,-
1006735508000080,2007894603,000080,F9275EF,4509663214,4509663214,IN,50,2021/12/10,2021/12/08,,F9275EF,,,-
1006735508000090,2007894603,000090,F9275ED,4509663214,4509663214,IN,50,2021/12/21,,,F9275ED,,,-
1006735508000100,2007894603,000100,Y9400ET,4509663214,4509663214,IN,50,2021/12/23,,,Y9400ET,,,-
1006735508000110,2007894603,000110,F9342MK,4509663214,4509663214,IN,5000,2022/01/14,,,F9342MK,,,4509669822-00010
1006741487000010,2007896057,000010,F9900AS,4509670401,4509670401,IN,200,2021/12/15,2021/12/10,,F9900AS,,,-
1006741487000020,2007896057,000020,F9920TP,4509670401,4509670401,IN,180,2021/12/24,,,F9920TP,,,-
1006741487000030,2007896057,000030,F9920BQ,4509670401,4509670401,IN,180,2022/01/14,,,F9920BQ,,,-
1006741487000040,2007896057,000040,F9900RS,4509670401,4509670401,IN,1000,2022/01/14,,,F9900RS,,,-
1006741487000050,2007896057,000050,F9920TS,4509670401,4509670401,IN,180,2021/12/10,2021/12/03,,F9920TS,,,-
1006741487000060,2007896057,000060,F9920BN,4509670401,4509670401,IN,180,2022/01/14,,,F9920BN,,,-
1006741487000070,2007896057,000070,F9900BA,4509670401,4509670401,IN,4000,2022/01/14,,,F9900BA,,,4509673930-00010
1006741487000080,2007896057,000080,F9913TS,4509670401,4509670401,IN,300,2022/01/06,,,F9913TS,,,-
1006741487000090,2007896057,000090,F9340XX,4509670401,4509670401,IN,168,2021/12/21,,,F9340XX,,,-
1006741487000100,2007896057,000100,F9273CZ,4509670401,4509670401,IN,1000,2022/01/14,,,F9273CZ,,,-
1006745040000010,2007899736,000010,F9920BN,4509674779,4509674779,IN,180,2022/01/17,,,F9920BN,,,-
1006745040000020,2007899736,000020,F9920BN,4509674779,4509674779,IN,180,2022/01/17,,,F9920BN,,,-
1006745040000030,2007899736,000030,F9920TS,4509674779,4509674779,IN,180,2022/01/07,,,F9920TS,,,-
1006745040000040,2007899736,000040,F9920TS,4509674779,4509674779,IN,180,2022/01/07,,,F9920TS,,,-
1006746015000010,2007900712,000010,F9913QJ,4509675910,4509675910,IN,16,2021/12/15,2021/12/08,,F9913QJ,,,-
1006746015000020,2007900712,000020,F9900AA,4509675910,4509675910,IN,1000,2022/02/15,,,F9900AA,,,4509681937-00010
1006746015000030,2007900712,000030,F9275ZZ,4509675910,4509675910,IN,50,2022/01/07,,,F9275ZZ,,,-
1006749682000010,2007904304,000010,F9913QG,4509680254,4509680254,IN,320,2021/12/16,2021/12/10,,F9913QG,,,-
1006749682000020,2007904304,000020,F9913QG,4509680254,4509680254,IN,320,2021/12/16,,,F9913QG,,,-
1006749682000030,2007904304,000030,F9913QG,4509680254,4509680254,IN,208,2021/12/16,,,F9913QG,,,-
1006749682000040,2007904304,000040,D0117XL-A,4509680254,4509680254,IN,600,2022/01/11,,,D0117XL-A,,,4509717952-00010
1006749682000050,2007904304,000050,F9913QH,4509680254,4509680254,IN,320,2021/12/13,2021/12/08,,F9913QH,,,-
1006749682000060,2007904304,000060,F9913QH,4509680254,4509680254,IN,320,2021/12/14,2021/12/08,,F9913QH,,,-
1006749682000070,2007904304,000070,F9920LV,4509680254,4509680254,IN,240,2022/01/11,,,F9920LV,,,-
1006749682000080,2007904304,000080,D0114PB,4509680254,4509680254,IN,600,2021/12/28,,,D0114PB,,,-
1006749682000090,2007904304,000090,D0114RZ,4509680254,4509680254,IN,600,2021/12/21,,,D0114RZ,,,-
1006749682000100,2007904304,000100,F9913TA,4509680254,4509680254,IN,300,2022/01/18,,,F9913TA,,,-
1006749682000110,2007904304,000110,F9341JS,4509680254,4509680254,IN,1000,2022/01/11,,,F9341JS,,,-
1006749682000120,2007904304,000120,F9900AU,4509680254,4509680254,IN,300,2022/01/11,,,F9900AU,,,-
1006749682000130,2007904304,000130,F9342NJ,4509680254,4509680254,IN,600,2022/01/11,,,F9342NJ,,,-
1006749682000140,2007904304,000140,F9340XX,4509680254,4509680254,IN,168,2022/01/11,,,F9340XX,,,-
1006749682000150,2007904304,000150,F9900GZ,4509680254,4509680254,IN,28000,2022/01/18,,,F9900GZ,,,4509681972-00010
1006749682000160,2007904304,000160,F9273CZ,4509680254,4509680254,IN,1000,2022/01/18,,,F9273CZ,,,-
1006752526000010,2007907318,000010,F9920TP,4509684068,4509684068,IN,180,2021/12/29,,,F9920TP,,,-
1006752526000020,2007907318,000020,F9920BQ,4509684068,4509684068,IN,180,2022/01/19,,,F9920BQ,,,-
1006763207000010,2007916322,000010,F9270BK,4509695911,4509695911,IN,2000,2022/01/24,,,F9270BK,,,4509699203-00010
1006763207000020,2007916322,000020,F9920LV,4509695911,4509695911,IN,240,2022/01/17,,,F9920LV,,,-
1006763207000030,2007916322,000030,F9920BQ,4509695911,4509695911,IN,180,2022/01/24,,,F9920BQ,,,-
1006763207000040,2007916322,000040,F9340SB,4509695911,4509695911,IN,700,2022/01/24,,,F9340SB,,,-
1006763207000050,2007916322,000050,F9341JA,4509695911,4509695911,IN,3000,2022/01/24,,,F9341JA,,,-
1006763207000060,2007916322,000060,D0114RZ,4509695911,4509695911,IN,600,2021/12/27,,,D0114RZ,,,-
1006766288000010,2007929546,000010,F9145YN,4509714108,4509714108,IN,10,2022/01/21,,,F9145YN,,,-
1006766538000010,2007920340,000010,F9300AF,4509700153,4509700153,IN,1000,2022/01/11,,,F9300AF,,,4509709516-00010
1006766538000020,2007920340,000020,F9300AF,4509700153,4509700153,IN,1000,2022/01/11,,,F9300AF,,,4509709517-00010
1006766538000030,2007920340,000030,F9900AC,4509700153,4509700153,IN,1200,2022/01/18,,,F9900AC,,,-
1006766538000040,2007920340,000040,F9341JS,4509700153,4509700153,IN,1000,2022/01/18,,,F9341JS,,,-
1006766538000050,2007920340,000050,F9341JQ,4509700153,4509700153,IN,1000,2022/01/25,,,F9341JQ,,,-
1006766538000060,2007920340,000060,F9341JQ,4509700153,4509700153,IN,1000,2022/01/25,,,F9341JQ,,,-
1006766538000070,2007920340,000070,F9900GE,4509700153,4509700153,IN,1000,2022/01/18,,,F9900GE,,,-
1006766538000080,2007920340,000080,F9900RE,4509700153,4509700153,IN,1000,2022/01/25,,,F9900RE,,,-
1006766538000090,2007920340,000090,F9300TE,4509700153,4509700153,IN,300,2022/01/25,,,F9300TE,,,-
1006766538000100,2007920340,000100,F9900RS,4509700153,4509700153,IN,1000,2022/01/25,,,F9900RS,,,-
1006766538000110,2007920340,000110,F9900GH,4509700153,4509700153,IN,3000,2022/01/11,,,F9900GH,,,4509709518-00010
1006766538000120,2007920340,000120,F9341JD,4509700153,4509700153,IN,2000,2022/01/25,,,F9341JD,,,-
1006766538000130,2007920340,000130,F9342NJ,4509700153,4509700153,IN,600,2022/01/18,,,F9342NJ,,,-
1006766538000140,2007920340,000140,F9900SF,4509700153,4509700153,IN,210,2022/01/25,,,F9900SF,,,-
1006766538000150,2007920340,000150,F9913QH,4509700153,4509700153,IN,320,2022/01/11,,,F9913QH,,,-
1006766538000160,2007920340,000160,F9900BC,4509700153,4509700153,IN,1200,2021/12/22,,,F9900BC,,,-
1006766538000170,2007920340,000170,F9341JE,4509700153,4509700153,IN,5000,2022/01/25,,,F9341JE,,,4509709519-00010
1006766538000180,2007920340,000180,F9900RG,4509700153,4509700153,IN,6000,2022/01/05,,,F9900RG,,,-
1006766538000200,2007920340,000200,F9900RE,4509700153,4509700153,IN,1000,2022/01/25,,,F9900RE,,,-
1006766538000210,2007920340,000210,D0114PB,4509700153,4509700153,IN,600,2022/01/11,,,D0114PB,,,-
1006766538000220,2007920340,000220,D0114PB,4509700153,4509700153,IN,600,2022/01/11,,,D0114PB,,,-
1006766538000230,2007920340,000230,F9342NJ,4509700153,4509700153,IN,600,2022/01/18,,,F9342NJ,,,-
1006766538000240,2007920340,000240,F9342NJ,4509700153,4509700153,IN,600,2022/01/18,,,F9342NJ,,,-
1006766538000250,2007920340,000250,F9910LS,4509700153,4509700153,IN,1120,2022/02/24,,,F9910LS,,,-
1006766538000260,2007920340,000260,F9920LV,4509700153,4509700153,IN,240,2022/01/18,,,F9920LV,,,-
1006766538000270,2007920340,000270,F9920LV,4509700153,4509700153,IN,240,2022/01/18,,,F9920LV,,,-
1006766538000280,2007920340,000280,F9900RS,4509700153,4509700153,IN,1000,2022/01/25,,,F9900RS,,,-
1006766538000290,2007920340,000290,F9900GC,4509700153,4509700153,IN,12000,2022/01/07,,,F9900GC,,,-
1006774299000080,2007926322,000080,F9341JX,4509710130,4509710130,IN,10,2022/01/20,,,F9341JX,,,-
1006774299000090,2007926322,000090,F9921AE,4509710130,4509710130,IN,36,2022/01/21,,,F9921AE,,,-
1006774299000100,2007926322,000100,F9921AE,4509710130,4509710130,IN,36,2022/01/21,,,F9921AE,,,-
1006774367000010,2007926391,000010,F9300TE,4509710057,4509710057,IN,1000,2022/02/02,,,F9300TE,,,-
1006774367000020,2007926391,000020,F9900TE,4509710057,4509710057,IN,84,2022/01/05,,,F9900TE,,,-
1006774367000030,2007926391,000030,F9340XX,4509710057,4509710057,IN,280,2022/01/26,,,F9340XX,,,-
1006774367000040,2007926391,000040,F9900SF,4509710057,4509710057,IN,840,2022/02/02,,,F9900SF,,,-
1006774367000050,2007926391,000050,F9273CZ,4509710057,4509710057,IN,2000,2022/02/02,,,F9273CZ,,,-
1006774367000060,2007926391,000060,D0117XL-A,4509710057,4509710057,IN,600,2022/01/26,,,D0117XL-A,,,4509717953-00010
1006775451000010,2007927634,000010,F9920LV,4509711692,4509711692,IN,240,2022/01/20,,,F9920LV,,,-
1006775451000020,2007927634,000020,F9275EF,4509711692,4509711692,IN,50,2022/01/17,,,F9275EF,,,-
1006775451000030,2007927634,000030,F9275ED,4509711692,4509711692,IN,50,2022/01/11,,,F9275ED,,,-
1006775451000040,2007927634,000040,F9275EG,4509711692,4509711692,IN,50,2022/01/17,,,F9275EG,,,-
1006775451000050,2007927634,000050,Y9400ET,4509711692,4509711692,IN,200,2022/01/13,,,Y9400ET,,,-
1006775451000060,2007927634,000060,F9300AF,4509711692,4509711692,IN,1000,2022/01/13,,,F9300AF,,,4509717732-00010
1006775451000070,2007927634,000070,F9920TS,4509711692,4509711692,IN,180,2022/01/20,,,F9920TS,,,-
1006775451000080,2007927634,000080,F9920BQ,4509711692,4509711692,IN,180,2022/01/27,,,F9920BQ,,,-
1006775451000090,2007927634,000090,F9920BN,4509711692,4509711692,IN,180,2022/01/27,,,F9920BN,,,-
1006775451000100,2007927634,000100,F9341JQ,4509711692,4509711692,IN,1000,2022/01/27,,,F9341JQ,,,-
1006775451000110,2007927634,000110,F9920TP,4509711692,4509711692,IN,180,2022/01/13,,,F9920TP,,,-
1006777888000010,2007929547,000010,F9900SK,4509714109,4509714109,IN,2400,2022/01/14,,,F9900SK,,,4509717738-00010
1006777888000020,2007929547,000020,F9900GE,4509714109,4509714109,IN,1000,2022/01/21,,,F9900GE,,,-
4509480310000030,2007738075,000030,A1116JW,4509480310,4509480310,IN,3000,2022/01/12,,,A1116JW,2021/12/30,,4509481613-00010
